[{"model": "farm.division", "pk": 1, "fields": {"name": "Barishal", "division_code": null}}, {"model": "farm.division", "pk": 2, "fields": {"name": "Chattogram", "division_code": null}}, {"model": "farm.division", "pk": 3, "fields": {"name": "Dhaka", "division_code": null}}, {"model": "farm.division", "pk": 4, "fields": {"name": "Khulna", "division_code": null}}, {"model": "farm.division", "pk": 5, "fields": {"name": "Rajshahi", "division_code": null}}, {"model": "farm.division", "pk": 6, "fields": {"name": "Rangpur", "division_code": null}}, {"model": "farm.division", "pk": 7, "fields": {"name": "Sylhet", "division_code": null}}, {"model": "farm.division", "pk": 8, "fields": {"name": "Mymensingh", "division_code": null}}, {"model": "farm.district", "pk": 1, "fields": {"name": "Dhaka", "district_code": null, "division": 3}}, {"model": "farm.district", "pk": 2, "fields": {"name": "Faridpur", "district_code": null, "division": 3}}, {"model": "farm.district", "pk": 3, "fields": {"name": "Gazipur", "district_code": null, "division": 3}}, {"model": "farm.district", "pk": 4, "fields": {"name": "Gopalganj", "district_code": null, "division": 3}}, {"model": "farm.district", "pk": 5, "fields": {"name": "Jamalpur", "district_code": null, "division": 8}}, {"model": "farm.district", "pk": 6, "fields": {"name": "Kishoreganj", "district_code": null, "division": 3}}, {"model": "farm.district", "pk": 7, "fields": {"name": "Madaripur", "district_code": null, "division": 3}}, {"model": "farm.district", "pk": 8, "fields": {"name": "Manikganj", "district_code": null, "division": 3}}, {"model": "farm.district", "pk": 9, "fields": {"name": "Munshiganj", "district_code": null, "division": 3}}, {"model": "farm.district", "pk": 10, "fields": {"name": "Mymensingh", "district_code": null, "division": 8}}, {"model": "farm.district", "pk": 11, "fields": {"name": "Narayanganj", "district_code": null, "division": 3}}, {"model": "farm.district", "pk": 12, "fields": {"name": "Narsingdi", "district_code": null, "division": 3}}, {"model": "farm.district", "pk": 13, "fields": {"name": "Netrokona", "district_code": null, "division": 8}}, {"model": "farm.district", "pk": 14, "fields": {"name": "Rajbari", "district_code": null, "division": 3}}, {"model": "farm.district", "pk": 15, "fields": {"name": "Shariatpur", "district_code": null, "division": 3}}, {"model": "farm.district", "pk": 16, "fields": {"name": "Sherpur", "district_code": null, "division": 8}}, {"model": "farm.district", "pk": 17, "fields": {"name": "Tangail", "district_code": null, "division": 3}}, {"model": "farm.district", "pk": 18, "fields": {"name": "Bogura", "district_code": null, "division": 5}}, {"model": "farm.district", "pk": 19, "fields": {"name": "Joypurhat", "district_code": null, "division": 5}}, {"model": "farm.district", "pk": 20, "fields": {"name": "Naogaon", "district_code": null, "division": 5}}, {"model": "farm.district", "pk": 21, "fields": {"name": "Natore", "district_code": null, "division": 5}}, {"model": "farm.district", "pk": 22, "fields": {"name": "ChapaiNawabganj", "district_code": null, "division": 5}}, {"model": "farm.district", "pk": 23, "fields": {"name": "Pabna", "district_code": null, "division": 5}}, {"model": "farm.district", "pk": 24, "fields": {"name": "Rajshahi", "district_code": null, "division": 5}}, {"model": "farm.district", "pk": 25, "fields": {"name": "Sirajganj", "district_code": null, "division": 5}}, {"model": "farm.district", "pk": 26, "fields": {"name": "Dinajpur", "district_code": null, "division": 6}}, {"model": "farm.district", "pk": 27, "fields": {"name": "Gaibandha", "district_code": null, "division": 6}}, {"model": "farm.district", "pk": 28, "fields": {"name": "Kurigram", "district_code": null, "division": 6}}, {"model": "farm.district", "pk": 29, "fields": {"name": "Lalmonirhat", "district_code": null, "division": 6}}, {"model": "farm.district", "pk": 30, "fields": {"name": "Nilphamari", "district_code": null, "division": 6}}, {"model": "farm.district", "pk": 31, "fields": {"name": "Panchagarh", "district_code": null, "division": 6}}, {"model": "farm.district", "pk": 32, "fields": {"name": "Rangpur", "district_code": null, "division": 6}}, {"model": "farm.district", "pk": 33, "fields": {"name": "Thakurgaon", "district_code": null, "division": 6}}, {"model": "farm.district", "pk": 34, "fields": {"name": "Barguna", "district_code": null, "division": 1}}, {"model": "farm.district", "pk": 35, "fields": {"name": "Barishal", "district_code": null, "division": 1}}, {"model": "farm.district", "pk": 36, "fields": {"name": "Bhola", "district_code": null, "division": 1}}, {"model": "farm.district", "pk": 37, "fields": {"name": "Jhalokati", "district_code": null, "division": 1}}, {"model": "farm.district", "pk": 38, "fields": {"name": "Patuakhali", "district_code": null, "division": 1}}, {"model": "farm.district", "pk": 39, "fields": {"name": "Pirojpur", "district_code": null, "division": 1}}, {"model": "farm.district", "pk": 40, "fields": {"name": "Bandarban", "district_code": null, "division": 2}}, {"model": "farm.district", "pk": 41, "fields": {"name": "Brahmanbaria", "district_code": null, "division": 2}}, {"model": "farm.district", "pk": 42, "fields": {"name": "Chandpur", "district_code": null, "division": 2}}, {"model": "farm.district", "pk": 43, "fields": {"name": "Chattogram", "district_code": null, "division": 2}}, {"model": "farm.district", "pk": 44, "fields": {"name": "Cumilla", "district_code": null, "division": 2}}, {"model": "farm.district", "pk": 45, "fields": {"name": "CoxsBazar", "district_code": null, "division": 2}}, {"model": "farm.district", "pk": 46, "fields": {"name": "Feni", "district_code": null, "division": 2}}, {"model": "farm.district", "pk": 47, "fields": {"name": "khagrachhari", "district_code": null, "division": 2}}, {"model": "farm.district", "pk": 48, "fields": {"name": "Lakshmipur", "district_code": null, "division": 2}}, {"model": "farm.district", "pk": 49, "fields": {"name": "Noakhali", "district_code": null, "division": 2}}, {"model": "farm.district", "pk": 50, "fields": {"name": "Rangamati", "district_code": null, "division": 2}}, {"model": "farm.district", "pk": 51, "fields": {"name": "Habiganj", "district_code": null, "division": 7}}, {"model": "farm.district", "pk": 52, "fields": {"name": "Maulvibazar", "district_code": null, "division": 7}}, {"model": "farm.district", "pk": 53, "fields": {"name": "Sunamganj", "district_code": null, "division": 7}}, {"model": "farm.district", "pk": 54, "fields": {"name": "Sylhet", "district_code": null, "division": 7}}, {"model": "farm.district", "pk": 55, "fields": {"name": "Bagerhat", "district_code": null, "division": 4}}, {"model": "farm.district", "pk": 56, "fields": {"name": "Chuadanga", "district_code": null, "division": 4}}, {"model": "farm.district", "pk": 57, "fields": {"name": "Jashore", "district_code": null, "division": 4}}, {"model": "farm.district", "pk": 58, "fields": {"name": "Jhenaidah", "district_code": null, "division": 4}}, {"model": "farm.district", "pk": 59, "fields": {"name": "Khulna", "district_code": null, "division": 4}}, {"model": "farm.district", "pk": 60, "fields": {"name": "Kushtia", "district_code": null, "division": 4}}, {"model": "farm.district", "pk": 61, "fields": {"name": "Magura", "district_code": null, "division": 4}}, {"model": "farm.district", "pk": 62, "fields": {"name": "Meherpur", "district_code": null, "division": 4}}, {"model": "farm.district", "pk": 63, "fields": {"name": "Narail", "district_code": null, "division": 4}}, {"model": "farm.district", "pk": 64, "fields": {"name": "Satkhira", "district_code": null, "division": 4}}, {"model": "farm.upazila", "pk": 1, "fields": {"name": "Amtali", "upazila_code": null, "district": 34}}, {"model": "farm.upazila", "pk": 2, "fields": {"name": "Bamna", "upazila_code": null, "district": 34}}, {"model": "farm.upazila", "pk": 3, "fields": {"name": "BargunaSadar", "upazila_code": null, "district": 34}}, {"model": "farm.upazila", "pk": 4, "fields": {"name": "Betagi", "upazila_code": null, "district": 34}}, {"model": "farm.upazila", "pk": 5, "fields": {"name": "Patharghata", "upazila_code": null, "district": 34}}, {"model": "farm.upazila", "pk": 6, "fields": {"name": "Taltali", "upazila_code": null, "district": 34}}, {"model": "farm.upazila", "pk": 7, "fields": {"name": "Muladi", "upazila_code": null, "district": 35}}, {"model": "farm.upazila", "pk": 8, "fields": {"name": "Babuganj", "upazila_code": null, "district": 35}}, {"model": "farm.upazila", "pk": 9, "fields": {"name": "Agailjhara", "upazila_code": null, "district": 35}}, {"model": "farm.upazila", "pk": 10, "fields": {"name": "BarishalSadar", "upazila_code": null, "district": 35}}, {"model": "farm.upazila", "pk": 11, "fields": {"name": "Bakerganj", "upazila_code": null, "district": 35}}, {"model": "farm.upazila", "pk": 12, "fields": {"name": "Banaripara ", "upazila_code": null, "district": 35}}, {"model": "farm.upazila", "pk": 13, "fields": {"name": "Gaurnadi", "upazila_code": null, "district": 35}}, {"model": "farm.upazila", "pk": 14, "fields": {"name": "Hizla", "upazila_code": null, "district": 35}}, {"model": "farm.upazila", "pk": 15, "fields": {"name": "Mehendiganj", "upazila_code": null, "district": 35}}, {"model": "farm.upazila", "pk": 16, "fields": {"name": "Wazirpur", "upazila_code": null, "district": 35}}, {"model": "farm.upazila", "pk": 17, "fields": {"name": "BholaSadar", "upazila_code": null, "district": 36}}, {"model": "farm.upazila", "pk": 18, "fields": {"name": "Burhanuddin", "upazila_code": null, "district": 36}}, {"model": "farm.upazila", "pk": 19, "fields": {"name": "CharFesson", "upazila_code": null, "district": 36}}, {"model": "farm.upazila", "pk": 20, "fields": {"name": "Doulatkhan", "upazila_code": null, "district": 36}}, {"model": "farm.upazila", "pk": 21, "fields": {"name": "Lalmohan", "upazila_code": null, "district": 36}}, {"model": "farm.upazila", "pk": 22, "fields": {"name": "Manpura", "upazila_code": null, "district": 36}}, {"model": "farm.upazila", "pk": 23, "fields": {"name": "Tazumuddin", "upazila_code": null, "district": 36}}, {"model": "farm.upazila", "pk": 24, "fields": {"name": "JhalokatiSadar", "upazila_code": null, "district": 37}}, {"model": "farm.upazila", "pk": 25, "fields": {"name": "Kathalia", "upazila_code": null, "district": 37}}, {"model": "farm.upazila", "pk": 26, "fields": {"name": "Nalchity", "upazila_code": null, "district": 37}}, {"model": "farm.upazila", "pk": 27, "fields": {"name": "Rajapur", "upazila_code": null, "district": 37}}, {"model": "farm.upazila", "pk": 28, "fields": {"name": "Bauphal", "upazila_code": null, "district": 38}}, {"model": "farm.upazila", "pk": 29, "fields": {"name": "Dashmina", "upazila_code": null, "district": 38}}, {"model": "farm.upazila", "pk": 30, "fields": {"name": "Galachipa", "upazila_code": null, "district": 38}}, {"model": "farm.upazila", "pk": 31, "fields": {"name": "Kalapara", "upazila_code": null, "district": 38}}, {"model": "farm.upazila", "pk": 32, "fields": {"name": "Mirzaganj", "upazila_code": null, "district": 38}}, {"model": "farm.upazila", "pk": 33, "fields": {"name": "PatuakhaliSadar", "upazila_code": null, "district": 38}}, {"model": "farm.upazila", "pk": 34, "fields": {"name": "Dumki", "upazila_code": null, "district": 38}}, {"model": "farm.upazila", "pk": 35, "fields": {"name": "Rangabali", "upazila_code": null, "district": 38}}, {"model": "farm.upazila", "pk": 36, "fields": {"name": "Bhandaria", "upazila_code": null, "district": 39}}, {"model": "farm.upazila", "pk": 37, "fields": {"name": "Kawkhali", "upazila_code": null, "district": 39}}, {"model": "farm.upazila", "pk": 38, "fields": {"name": "Mathbaria", "upazila_code": null, "district": 39}}, {"model": "farm.upazila", "pk": 39, "fields": {"name": "Nazirpur", "upazila_code": null, "district": 39}}, {"model": "farm.upazila", "pk": 40, "fields": {"name": "Nesarabad", "upazila_code": null, "district": 39}}, {"model": "farm.upazila", "pk": 41, "fields": {"name": "PirojpurSadar", "upazila_code": null, "district": 39}}, {"model": "farm.upazila", "pk": 42, "fields": {"name": "Indurkani", "upazila_code": null, "district": 39}}, {"model": "farm.upazila", "pk": 43, "fields": {"name": "BandarbanSadar", "upazila_code": null, "district": 40}}, {"model": "farm.upazila", "pk": 44, "fields": {"name": "Thanchi", "upazila_code": null, "district": 40}}, {"model": "farm.upazila", "pk": 45, "fields": {"name": "Lama", "upazila_code": null, "district": 40}}, {"model": "farm.upazila", "pk": 46, "fields": {"name": "Naikhongchhari", "upazila_code": null, "district": 40}}, {"model": "farm.upazila", "pk": 47, "fields": {"name": "Alikadam", "upazila_code": null, "district": 40}}, {"model": "farm.upazila", "pk": 48, "fields": {"name": "Rowangchhari", "upazila_code": null, "district": 40}}, {"model": "farm.upazila", "pk": 49, "fields": {"name": "Ruma", "upazila_code": null, "district": 40}}, {"model": "farm.upazila", "pk": 50, "fields": {"name": "BrahmanbariaSadar", "upazila_code": null, "district": 41}}, {"model": "farm.upazila", "pk": 51, "fields": {"name": "Ashuganj", "upazila_code": null, "district": 41}}, {"model": "farm.upazila", "pk": 52, "fields": {"name": "Nasirnagar", "upazila_code": null, "district": 41}}, {"model": "farm.upazila", "pk": 53, "fields": {"name": "Nabinagar", "upazila_code": null, "district": 41}}, {"model": "farm.upazila", "pk": 54, "fields": {"name": "Sarail", "upazila_code": null, "district": 41}}, {"model": "farm.upazila", "pk": 55, "fields": {"name": "Karnafuli", "upazila_code": null, "district": 43}}, {"model": "farm.upazila", "pk": 56, "fields": {"name": "Kasba", "upazila_code": null, "district": 41}}, {"model": "farm.upazila", "pk": 57, "fields": {"name": "Akhaura", "upazila_code": null, "district": 41}}, {"model": "farm.upazila", "pk": 58, "fields": {"name": "Bancharampur", "upazila_code": null, "district": 41}}, {"model": "farm.upazila", "pk": 59, "fields": {"name": "Bijoynagar", "upazila_code": null, "district": 41}}, {"model": "farm.upazila", "pk": 60, "fields": {"name": "ChandpurSadar", "upazila_code": null, "district": 42}}, {"model": "farm.upazila", "pk": 61, "fields": {"name": "Faridganj", "upazila_code": null, "district": 42}}, {"model": "farm.upazila", "pk": 62, "fields": {"name": "Haimchar", "upazila_code": null, "district": 42}}, {"model": "farm.upazila", "pk": 63, "fields": {"name": "Hajiganj", "upazila_code": null, "district": 42}}, {"model": "farm.upazila", "pk": 64, "fields": {"name": "Kachua", "upazila_code": null, "district": 42}}, {"model": "farm.upazila", "pk": 65, "fields": {"name": "Matlabnorth", "upazila_code": null, "district": 42}}, {"model": "farm.upazila", "pk": 66, "fields": {"name": "Matlabsouth", "upazila_code": null, "district": 42}}, {"model": "farm.upazila", "pk": 67, "fields": {"name": "Shahrasti", "upazila_code": null, "district": 42}}, {"model": "farm.upazila", "pk": 68, "fields": {"name": "Anwara", "upazila_code": null, "district": 43}}, {"model": "farm.upazila", "pk": 69, "fields": {"name": "Banshkhali", "upazila_code": null, "district": 43}}, {"model": "farm.upazila", "pk": 70, "fields": {"name": "Boalkhali", "upazila_code": null, "district": 43}}, {"model": "farm.upazila", "pk": 71, "fields": {"name": "Chandanaish", "upazila_code": null, "district": 43}}, {"model": "farm.upazila", "pk": 72, "fields": {"name": "Fatikchhari", "upazila_code": null, "district": 43}}, {"model": "farm.upazila", "pk": 73, "fields": {"name": "Hathazari", "upazila_code": null, "district": 43}}, {"model": "farm.upazila", "pk": 74, "fields": {"name": "Lohagara", "upazila_code": null, "district": 43}}, {"model": "farm.upazila", "pk": 75, "fields": {"name": "Mirsharai", "upazila_code": null, "district": 43}}, {"model": "farm.upazila", "pk": 76, "fields": {"name": "Patiya ", "upazila_code": null, "district": 43}}, {"model": "farm.upazila", "pk": 77, "fields": {"name": "Rangunia ", "upazila_code": null, "district": 43}}, {"model": "farm.upazila", "pk": 78, "fields": {"name": "Raozan ", "upazila_code": null, "district": 43}}, {"model": "farm.upazila", "pk": 79, "fields": {"name": "Sandwip ", "upazila_code": null, "district": 43}}, {"model": "farm.upazila", "pk": 80, "fields": {"name": "Satkania", "upazila_code": null, "district": 43}}, {"model": "farm.upazila", "pk": 81, "fields": {"name": "Sitakunda", "upazila_code": null, "district": 43}}, {"model": "farm.upazila", "pk": 82, "fields": {"name": "Barura ", "upazila_code": null, "district": 44}}, {"model": "farm.upazila", "pk": 83, "fields": {"name": "Brahmanpara ", "upazila_code": null, "district": 44}}, {"model": "farm.upazila", "pk": 84, "fields": {"name": "Burichang", "upazila_code": null, "district": 44}}, {"model": "farm.upazila", "pk": 85, "fields": {"name": "Chandina ", "upazila_code": null, "district": 44}}, {"model": "farm.upazila", "pk": 86, "fields": {"name": "Chauddagram ", "upazila_code": null, "district": 44}}, {"model": "farm.upazila", "pk": 87, "fields": {"name": "Daudkandi ", "upazila_code": null, "district": 44}}, {"model": "farm.upazila", "pk": 88, "fields": {"name": "Lalmai ", "upazila_code": null, "district": 44}}, {"model": "farm.upazila", "pk": 89, "fields": {"name": "Homna ", "upazila_code": null, "district": 44}}, {"model": "farm.upazila", "pk": 90, "fields": {"name": "CumillaSadar", "upazila_code": null, "district": 44}}, {"model": "farm.upazila", "pk": 91, "fields": {"name": "Laksam ", "upazila_code": null, "district": 44}}, {"model": "farm.upazila", "pk": 92, "fields": {"name": "Monohargonj", "upazila_code": null, "district": 44}}, {"model": "farm.upazila", "pk": 93, "fields": {"name": "Meghna ", "upazila_code": null, "district": 44}}, {"model": "farm.upazila", "pk": 94, "fields": {"name": "Muradnagar ", "upazila_code": null, "district": 44}}, {"model": "farm.upazila", "pk": 95, "fields": {"name": "Nangalkot ", "upazila_code": null, "district": 44}}, {"model": "farm.upazila", "pk": 96, "fields": {"name": "SadarSouth", "upazila_code": null, "district": 44}}, {"model": "farm.upazila", "pk": 97, "fields": {"name": "Titas ", "upazila_code": null, "district": 44}}, {"model": "farm.upazila", "pk": 98, "fields": {"name": "Chakaria ", "upazila_code": null, "district": 45}}, {"model": "farm.upazila", "pk": 99, "fields": {"name": "CoxsBazarSadar", "upazila_code": null, "district": 45}}, {"model": "farm.upazila", "pk": 100, "fields": {"name": "Kutubdia", "upazila_code": null, "district": 45}}, {"model": "farm.upazila", "pk": 101, "fields": {"name": "Maheshkhali", "upazila_code": null, "district": 45}}, {"model": "farm.upazila", "pk": 102, "fields": {"name": "Ramu", "upazila_code": null, "district": 45}}, {"model": "farm.upazila", "pk": 103, "fields": {"name": "Teknaf", "upazila_code": null, "district": 45}}, {"model": "farm.upazila", "pk": 104, "fields": {"name": "Ukhiya", "upazila_code": null, "district": 45}}, {"model": "farm.upazila", "pk": 105, "fields": {"name": "Pekua", "upazila_code": null, "district": 45}}, {"model": "farm.upazila", "pk": 106, "fields": {"name": "FeniSadar", "upazila_code": null, "district": 46}}, {"model": "farm.upazila", "pk": 107, "fields": {"name": "Chhagalnaiya", "upazila_code": null, "district": 46}}, {"model": "farm.upazila", "pk": 108, "fields": {"name": "Daganbhuiyan", "upazila_code": null, "district": 46}}, {"model": "farm.upazila", "pk": 109, "fields": {"name": "Parshuram", "upazila_code": null, "district": 46}}, {"model": "farm.upazila", "pk": 110, "fields": {"name": "Fulgazi", "upazila_code": null, "district": 46}}, {"model": "farm.upazila", "pk": 111, "fields": {"name": "Sonagazi", "upazila_code": null, "district": 46}}, {"model": "farm.upazila", "pk": 112, "fields": {"name": "Dighinala", "upazila_code": null, "district": 47}}, {"model": "farm.upazila", "pk": 113, "fields": {"name": "KhagrachhariSadar", "upazila_code": null, "district": 47}}, {"model": "farm.upazila", "pk": 114, "fields": {"name": "Lakshmichhari", "upazila_code": null, "district": 47}}, {"model": "farm.upazila", "pk": 115, "fields": {"name": "Mahalchhari", "upazila_code": null, "district": 47}}, {"model": "farm.upazila", "pk": 116, "fields": {"name": "Manikchhari", "upazila_code": null, "district": 47}}, {"model": "farm.upazila", "pk": 117, "fields": {"name": "Matiranga", "upazila_code": null, "district": 47}}, {"model": "farm.upazila", "pk": 118, "fields": {"name": "Panchhari", "upazila_code": null, "district": 47}}, {"model": "farm.upazila", "pk": 119, "fields": {"name": "Ramgarh", "upazila_code": null, "district": 47}}, {"model": "farm.upazila", "pk": 120, "fields": {"name": "LakshmipurSadar", "upazila_code": null, "district": 48}}, {"model": "farm.upazila", "pk": 121, "fields": {"name": "Raipur", "upazila_code": null, "district": 48}}, {"model": "farm.upazila", "pk": 122, "fields": {"name": "Ramganj", "upazila_code": null, "district": 48}}, {"model": "farm.upazila", "pk": 123, "fields": {"name": "Ramgati", "upazila_code": null, "district": 48}}, {"model": "farm.upazila", "pk": 124, "fields": {"name": "Kamalnagar", "upazila_code": null, "district": 48}}, {"model": "farm.upazila", "pk": 125, "fields": {"name": "NoakhaliSadar", "upazila_code": null, "district": 49}}, {"model": "farm.upazila", "pk": 126, "fields": {"name": "Begumganj", "upazila_code": null, "district": 49}}, {"model": "farm.upazila", "pk": 127, "fields": {"name": "Chatkhil", "upazila_code": null, "district": 49}}, {"model": "farm.upazila", "pk": 128, "fields": {"name": "Companiganj", "upazila_code": null, "district": 49}}, {"model": "farm.upazila", "pk": 129, "fields": {"name": "Senbug", "upazila_code": null, "district": 49}}, {"model": "farm.upazila", "pk": 130, "fields": {"name": "Hatia", "upazila_code": null, "district": 49}}, {"model": "farm.upazila", "pk": 131, "fields": {"name": "Kabirhat", "upazila_code": null, "district": 49}}, {"model": "farm.upazila", "pk": 132, "fields": {"name": "Sonaimuri", "upazila_code": null, "district": 49}}, {"model": "farm.upazila", "pk": 133, "fields": {"name": "Subarnachar", "upazila_code": null, "district": 49}}, {"model": "farm.upazila", "pk": 134, "fields": {"name": "RangamatiSadar", "upazila_code": null, "district": 50}}, {"model": "farm.upazila", "pk": 135, "fields": {"name": "Belaichari", "upazila_code": null, "district": 50}}, {"model": "farm.upazila", "pk": 136, "fields": {"name": "Baghaichari", "upazila_code": null, "district": 50}}, {"model": "farm.upazila", "pk": 137, "fields": {"name": "Barkal", "upazila_code": null, "district": 50}}, {"model": "farm.upazila", "pk": 138, "fields": {"name": "Juraichari", "upazila_code": null, "district": 50}}, {"model": "farm.upazila", "pk": 139, "fields": {"name": "Rajasthali", "upazila_code": null, "district": 50}}, {"model": "farm.upazila", "pk": 140, "fields": {"name": "Kaptai", "upazila_code": null, "district": 50}}, {"model": "farm.upazila", "pk": 141, "fields": {"name": "Langadu", "upazila_code": null, "district": 50}}, {"model": "farm.upazila", "pk": 142, "fields": {"name": "Naniarchar", "upazila_code": null, "district": 50}}, {"model": "farm.upazila", "pk": 143, "fields": {"name": "Kawkhali", "upazila_code": null, "district": 50}}, {"model": "farm.upazila", "pk": 144, "fields": {"name": "Dhamrai", "upazila_code": null, "district": 1}}, {"model": "farm.upazila", "pk": 145, "fields": {"name": "Dohar", "upazila_code": null, "district": 1}}, {"model": "farm.upazila", "pk": 146, "fields": {"name": "Keraniganj", "upazila_code": null, "district": 1}}, {"model": "farm.upazila", "pk": 147, "fields": {"name": "Nawabganj", "upazila_code": null, "district": 1}}, {"model": "farm.upazila", "pk": 148, "fields": {"name": "Savar", "upazila_code": null, "district": 1}}, {"model": "farm.upazila", "pk": 149, "fields": {"name": "FaridpurSadar", "upazila_code": null, "district": 2}}, {"model": "farm.upazila", "pk": 150, "fields": {"name": "Boalmari", "upazila_code": null, "district": 2}}, {"model": "farm.upazila", "pk": 151, "fields": {"name": "Alfadanga", "upazila_code": null, "district": 2}}, {"model": "farm.upazila", "pk": 152, "fields": {"name": "Madhukhali", "upazila_code": null, "district": 2}}, {"model": "farm.upazila", "pk": 153, "fields": {"name": "Bhanga", "upazila_code": null, "district": 2}}, {"model": "farm.upazila", "pk": 154, "fields": {"name": "Nagarkanda", "upazila_code": null, "district": 2}}, {"model": "farm.upazila", "pk": 155, "fields": {"name": "Charbhadrasan", "upazila_code": null, "district": 2}}, {"model": "farm.upazila", "pk": 156, "fields": {"name": "Sadarpur", "upazila_code": null, "district": 2}}, {"model": "farm.upazila", "pk": 157, "fields": {"name": "Shaltha", "upazila_code": null, "district": 2}}, {"model": "farm.upazila", "pk": 158, "fields": {"name": "GazipurSadar", "upazila_code": null, "district": 3}}, {"model": "farm.upazila", "pk": 159, "fields": {"name": "Kaliakair", "upazila_code": null, "district": 3}}, {"model": "farm.upazila", "pk": 160, "fields": {"name": "Kapasia", "upazila_code": null, "district": 3}}, {"model": "farm.upazila", "pk": 161, "fields": {"name": "Sripur", "upazila_code": null, "district": 3}}, {"model": "farm.upazila", "pk": 162, "fields": {"name": "Kaliganj", "upazila_code": null, "district": 3}}, {"model": "farm.upazila", "pk": 163, "fields": {"name": "Gurudaspur", "upazila_code": null, "district": 21}}, {"model": "farm.upazila", "pk": 164, "fields": {"name": "GopalganjSadar", "upazila_code": null, "district": 4}}, {"model": "farm.upazila", "pk": 165, "fields": {"name": "Kashiani", "upazila_code": null, "district": 4}}, {"model": "farm.upazila", "pk": 166, "fields": {"name": "Kotalipara", "upazila_code": null, "district": 4}}, {"model": "farm.upazila", "pk": 167, "fields": {"name": "Muksudpur", "upazila_code": null, "district": 4}}, {"model": "farm.upazila", "pk": 168, "fields": {"name": "Tungipara", "upazila_code": null, "district": 4}}, {"model": "farm.upazila", "pk": 169, "fields": {"name": "Dewanganj", "upazila_code": null, "district": 5}}, {"model": "farm.upazila", "pk": 170, "fields": {"name": "Bokshiganj", "upazila_code": null, "district": 5}}, {"model": "farm.upazila", "pk": 171, "fields": {"name": "Islampur", "upazila_code": null, "district": 5}}, {"model": "farm.upazila", "pk": 172, "fields": {"name": "JamalpurSadar", "upazila_code": null, "district": 5}}, {"model": "farm.upazila", "pk": 173, "fields": {"name": "Madarganj", "upazila_code": null, "district": 5}}, {"model": "farm.upazila", "pk": 174, "fields": {"name": "Melandaha", "upazila_code": null, "district": 5}}, {"model": "farm.upazila", "pk": 175, "fields": {"name": "Sarishabari", "upazila_code": null, "district": 5}}, {"model": "farm.upazila", "pk": 176, "fields": {"name": "Austagram", "upazila_code": null, "district": 6}}, {"model": "farm.upazila", "pk": 177, "fields": {"name": "Bajitpur", "upazila_code": null, "district": 6}}, {"model": "farm.upazila", "pk": 178, "fields": {"name": "Bhairab", "upazila_code": null, "district": 6}}, {"model": "farm.upazila", "pk": 179, "fields": {"name": "Hossainpur", "upazila_code": null, "district": 6}}, {"model": "farm.upazila", "pk": 180, "fields": {"name": "Itna", "upazila_code": null, "district": 6}}, {"model": "farm.upazila", "pk": 181, "fields": {"name": "Karimganj", "upazila_code": null, "district": 6}}, {"model": "farm.upazila", "pk": 182, "fields": {"name": "Katiadi", "upazila_code": null, "district": 6}}, {"model": "farm.upazila", "pk": 183, "fields": {"name": "KishoreganjSadar", "upazila_code": null, "district": 6}}, {"model": "farm.upazila", "pk": 184, "fields": {"name": "Kuliarchar", "upazila_code": null, "district": 6}}, {"model": "farm.upazila", "pk": 185, "fields": {"name": "Mithamain", "upazila_code": null, "district": 6}}, {"model": "farm.upazila", "pk": 186, "fields": {"name": "Nikli", "upazila_code": null, "district": 6}}, {"model": "farm.upazila", "pk": 187, "fields": {"name": "Pakundia", "upazila_code": null, "district": 6}}, {"model": "farm.upazila", "pk": 188, "fields": {"name": "Tarail", "upazila_code": null, "district": 6}}, {"model": "farm.upazila", "pk": 189, "fields": {"name": "MadaripurSadar", "upazila_code": null, "district": 7}}, {"model": "farm.upazila", "pk": 190, "fields": {"name": "Kalkini", "upazila_code": null, "district": 7}}, {"model": "farm.upazila", "pk": 191, "fields": {"name": "Rajoir", "upazila_code": null, "district": 7}}, {"model": "farm.upazila", "pk": 192, "fields": {"name": "Shibchar", "upazila_code": null, "district": 7}}, {"model": "farm.upazila", "pk": 193, "fields": {"name": "ManikganjSadar", "upazila_code": null, "district": 8}}, {"model": "farm.upazila", "pk": 194, "fields": {"name": "Singair", "upazila_code": null, "district": 8}}, {"model": "farm.upazila", "pk": 195, "fields": {"name": "Shibalaya", "upazila_code": null, "district": 8}}, {"model": "farm.upazila", "pk": 196, "fields": {"name": "Saturia", "upazila_code": null, "district": 8}}, {"model": "farm.upazila", "pk": 197, "fields": {"name": "Harirampur", "upazila_code": null, "district": 8}}, {"model": "farm.upazila", "pk": 198, "fields": {"name": "Ghior", "upazila_code": null, "district": 8}}, {"model": "farm.upazila", "pk": 199, "fields": {"name": "Daulatpur", "upazila_code": null, "district": 8}}, {"model": "farm.upazila", "pk": 200, "fields": {"name": "Lohajang", "upazila_code": null, "district": 9}}, {"model": "farm.upazila", "pk": 201, "fields": {"name": "Sreenagar", "upazila_code": null, "district": 9}}, {"model": "farm.upazila", "pk": 202, "fields": {"name": "MunshiganjSadar", "upazila_code": null, "district": 9}}, {"model": "farm.upazila", "pk": 203, "fields": {"name": "Sirajdikhan", "upazila_code": null, "district": 9}}, {"model": "farm.upazila", "pk": 204, "fields": {"name": "Tongibari", "upazila_code": null, "district": 9}}, {"model": "farm.upazila", "pk": 205, "fields": {"name": "Gazaria", "upazila_code": null, "district": 9}}, {"model": "farm.upazila", "pk": 206, "fields": {"name": "Bhaluka", "upazila_code": null, "district": 10}}, {"model": "farm.upazila", "pk": 207, "fields": {"name": "Trishal", "upazila_code": null, "district": 10}}, {"model": "farm.upazila", "pk": 208, "fields": {"name": "Haluaghat", "upazila_code": null, "district": 10}}, {"model": "farm.upazila", "pk": 209, "fields": {"name": "Muktagachha", "upazila_code": null, "district": 10}}, {"model": "farm.upazila", "pk": 210, "fields": {"name": "Dhobaura", "upazila_code": null, "district": 10}}, {"model": "farm.upazila", "pk": 211, "fields": {"name": "Fulbaria", "upazila_code": null, "district": 10}}, {"model": "farm.upazila", "pk": 212, "fields": {"name": "Gaffargaon", "upazila_code": null, "district": 10}}, {"model": "farm.upazila", "pk": 213, "fields": {"name": "Gauripur", "upazila_code": null, "district": 10}}, {"model": "farm.upazila", "pk": 214, "fields": {"name": "Ishwarganj", "upazila_code": null, "district": 10}}, {"model": "farm.upazila", "pk": 215, "fields": {"name": "MymensinghSadar", "upazila_code": null, "district": 10}}, {"model": "farm.upazila", "pk": 216, "fields": {"name": "Nandail", "upazila_code": null, "district": 10}}, {"model": "farm.upazila", "pk": 217, "fields": {"name": "Phulpur", "upazila_code": null, "district": 10}}, {"model": "farm.upazila", "pk": 218, "fields": {"name": "Araihazar", "upazila_code": null, "district": 11}}, {"model": "farm.upazila", "pk": 219, "fields": {"name": "Sonargaon", "upazila_code": null, "district": 11}}, {"model": "farm.upazila", "pk": 220, "fields": {"name": "Bandar", "upazila_code": null, "district": 11}}, {"model": "farm.upazila", "pk": 221, "fields": {"name": "NarayanganjSadar", "upazila_code": null, "district": 11}}, {"model": "farm.upazila", "pk": 222, "fields": {"name": "Rupganj", "upazila_code": null, "district": 11}}, {"model": "farm.upazila", "pk": 223, "fields": {"name": "Belabo", "upazila_code": null, "district": 12}}, {"model": "farm.upazila", "pk": 224, "fields": {"name": "Monohardi", "upazila_code": null, "district": 12}}, {"model": "farm.upazila", "pk": 225, "fields": {"name": "NarsingdiSadar ", "upazila_code": null, "district": 12}}, {"model": "farm.upazila", "pk": 226, "fields": {"name": "Palash", "upazila_code": null, "district": 12}}, {"model": "farm.upazila", "pk": 227, "fields": {"name": "Raipura", "upazila_code": null, "district": 12}}, {"model": "farm.upazila", "pk": 228, "fields": {"name": "Shibpur", "upazila_code": null, "district": 12}}, {"model": "farm.upazila", "pk": 229, "fields": {"name": "Kendua", "upazila_code": null, "district": 13}}, {"model": "farm.upazila", "pk": 230, "fields": {"name": "Atpara", "upazila_code": null, "district": 13}}, {"model": "farm.upazila", "pk": 231, "fields": {"name": "Barhatta", "upazila_code": null, "district": 13}}, {"model": "farm.upazila", "pk": 232, "fields": {"name": "Durgapur", "upazila_code": null, "district": 13}}, {"model": "farm.upazila", "pk": 233, "fields": {"name": "Kalmakanda", "upazila_code": null, "district": 13}}, {"model": "farm.upazila", "pk": 234, "fields": {"name": "Madan", "upazila_code": null, "district": 13}}, {"model": "farm.upazila", "pk": 235, "fields": {"name": "Mohanganj", "upazila_code": null, "district": 13}}, {"model": "farm.upazila", "pk": 236, "fields": {"name": "NetrokonaSadar", "upazila_code": null, "district": 13}}, {"model": "farm.upazila", "pk": 237, "fields": {"name": "Purbadhala", "upazila_code": null, "district": 13}}, {"model": "farm.upazila", "pk": 238, "fields": {"name": "Khaliajuri", "upazila_code": null, "district": 13}}, {"model": "farm.upazila", "pk": 239, "fields": {"name": "Baliakandi", "upazila_code": null, "district": 14}}, {"model": "farm.upazila", "pk": 240, "fields": {"name": "Goalanda", "upazila_code": null, "district": 14}}, {"model": "farm.upazila", "pk": 241, "fields": {"name": "Pangsha", "upazila_code": null, "district": 14}}, {"model": "farm.upazila", "pk": 242, "fields": {"name": "Kalukhali", "upazila_code": null, "district": 14}}, {"model": "farm.upazila", "pk": 243, "fields": {"name": "RajbariSadar", "upazila_code": null, "district": 14}}, {"model": "farm.upazila", "pk": 244, "fields": {"name": "ShariatpurSadar", "upazila_code": null, "district": 15}}, {"model": "farm.upazila", "pk": 245, "fields": {"name": "Damudya", "upazila_code": null, "district": 15}}, {"model": "farm.upazila", "pk": 246, "fields": {"name": "Naria ", "upazila_code": null, "district": 15}}, {"model": "farm.upazila", "pk": 247, "fields": {"name": "Zajira", "upazila_code": null, "district": 15}}, {"model": "farm.upazila", "pk": 248, "fields": {"name": "Bhedarganj", "upazila_code": null, "district": 15}}, {"model": "farm.upazila", "pk": 249, "fields": {"name": "Gosairhat", "upazila_code": null, "district": 15}}, {"model": "farm.upazila", "pk": 250, "fields": {"name": "Jhenaigati", "upazila_code": null, "district": 16}}, {"model": "farm.upazila", "pk": 251, "fields": {"name": "Nakla", "upazila_code": null, "district": 16}}, {"model": "farm.upazila", "pk": 252, "fields": {"name": "Nalitabari", "upazila_code": null, "district": 16}}, {"model": "farm.upazila", "pk": 253, "fields": {"name": "SherpurSadar", "upazila_code": null, "district": 16}}, {"model": "farm.upazila", "pk": 254, "fields": {"name": "Sreebardi", "upazila_code": null, "district": 16}}, {"model": "farm.upazila", "pk": 255, "fields": {"name": "TangailSadar", "upazila_code": null, "district": 17}}, {"model": "farm.upazila", "pk": 256, "fields": {"name": "Sakhipur", "upazila_code": null, "district": 17}}, {"model": "farm.upazila", "pk": 257, "fields": {"name": "Basail", "upazila_code": null, "district": 17}}, {"model": "farm.upazila", "pk": 258, "fields": {"name": "Madhupur", "upazila_code": null, "district": 17}}, {"model": "farm.upazila", "pk": 259, "fields": {"name": "Ghatail", "upazila_code": null, "district": 17}}, {"model": "farm.upazila", "pk": 260, "fields": {"name": "Kalihati", "upazila_code": null, "district": 17}}, {"model": "farm.upazila", "pk": 261, "fields": {"name": "Nagarpur", "upazila_code": null, "district": 17}}, {"model": "farm.upazila", "pk": 262, "fields": {"name": "Mirzapur", "upazila_code": null, "district": 17}}, {"model": "farm.upazila", "pk": 263, "fields": {"name": "Gopalpur", "upazila_code": null, "district": 17}}, {"model": "farm.upazila", "pk": 264, "fields": {"name": "Delduar", "upazila_code": null, "district": 17}}, {"model": "farm.upazila", "pk": 265, "fields": {"name": "Bhuapur", "upazila_code": null, "district": 17}}, {"model": "farm.upazila", "pk": 266, "fields": {"name": "Dhanbari", "upazila_code": null, "district": 17}}, {"model": "farm.upazila", "pk": 267, "fields": {"name": "BagerhatSadar", "upazila_code": null, "district": 55}}, {"model": "farm.upazila", "pk": 268, "fields": {"name": "Chitalmari", "upazila_code": null, "district": 55}}, {"model": "farm.upazila", "pk": 269, "fields": {"name": "Fakirhat", "upazila_code": null, "district": 55}}, {"model": "farm.upazila", "pk": 270, "fields": {"name": "Kachua", "upazila_code": null, "district": 55}}, {"model": "farm.upazila", "pk": 271, "fields": {"name": "Mollahat ", "upazila_code": null, "district": 55}}, {"model": "farm.upazila", "pk": 272, "fields": {"name": "Mongla", "upazila_code": null, "district": 55}}, {"model": "farm.upazila", "pk": 273, "fields": {"name": "Morrelganj", "upazila_code": null, "district": 55}}, {"model": "farm.upazila", "pk": 274, "fields": {"name": "Rampal", "upazila_code": null, "district": 55}}, {"model": "farm.upazila", "pk": 275, "fields": {"name": "Sarankhola", "upazila_code": null, "district": 55}}, {"model": "farm.upazila", "pk": 276, "fields": {"name": "Damurhuda", "upazila_code": null, "district": 56}}, {"model": "farm.upazila", "pk": 277, "fields": {"name": "ChuadangaSadar", "upazila_code": null, "district": 56}}, {"model": "farm.upazila", "pk": 278, "fields": {"name": "Jibannagar", "upazila_code": null, "district": 56}}, {"model": "farm.upazila", "pk": 279, "fields": {"name": "Alamdanga", "upazila_code": null, "district": 56}}, {"model": "farm.upazila", "pk": 280, "fields": {"name": "Abhaynagar", "upazila_code": null, "district": 57}}, {"model": "farm.upazila", "pk": 281, "fields": {"name": "Keshabpur", "upazila_code": null, "district": 57}}, {"model": "farm.upazila", "pk": 282, "fields": {"name": "Bagherpara", "upazila_code": null, "district": 57}}, {"model": "farm.upazila", "pk": 283, "fields": {"name": "JashoreSadar", "upazila_code": null, "district": 57}}, {"model": "farm.upazila", "pk": 284, "fields": {"name": "Chaugachha", "upazila_code": null, "district": 57}}, {"model": "farm.upazila", "pk": 285, "fields": {"name": "Manirampur", "upazila_code": null, "district": 57}}, {"model": "farm.upazila", "pk": 286, "fields": {"name": "Jhikargachha", "upazila_code": null, "district": 57}}, {"model": "farm.upazila", "pk": 287, "fields": {"name": "Sharsha", "upazila_code": null, "district": 57}}, {"model": "farm.upazila", "pk": 288, "fields": {"name": "JhenaidahSadar", "upazila_code": null, "district": 58}}, {"model": "farm.upazila", "pk": 289, "fields": {"name": "Maheshpur", "upazila_code": null, "district": 58}}, {"model": "farm.upazila", "pk": 290, "fields": {"name": "Kaliganj", "upazila_code": null, "district": 58}}, {"model": "farm.upazila", "pk": 291, "fields": {"name": "Kotchandpur", "upazila_code": null, "district": 58}}, {"model": "farm.upazila", "pk": 292, "fields": {"name": "Shailkupa", "upazila_code": null, "district": 58}}, {"model": "farm.upazila", "pk": 293, "fields": {"name": "Harinakundu", "upazila_code": null, "district": 58}}, {"model": "farm.upazila", "pk": 294, "fields": {"name": "Terokhada", "upazila_code": null, "district": 59}}, {"model": "farm.upazila", "pk": 295, "fields": {"name": "Batiaghata", "upazila_code": null, "district": 59}}, {"model": "farm.upazila", "pk": 296, "fields": {"name": "Dacope", "upazila_code": null, "district": 59}}, {"model": "farm.upazila", "pk": 297, "fields": {"name": "Dumuria", "upazila_code": null, "district": 59}}, {"model": "farm.upazila", "pk": 298, "fields": {"name": "Dighalia", "upazila_code": null, "district": 59}}, {"model": "farm.upazila", "pk": 299, "fields": {"name": "Koyra", "upazila_code": null, "district": 59}}, {"model": "farm.upazila", "pk": 300, "fields": {"name": "Paikgachha", "upazila_code": null, "district": 59}}, {"model": "farm.upazila", "pk": 301, "fields": {"name": "Phultala", "upazila_code": null, "district": 59}}, {"model": "farm.upazila", "pk": 302, "fields": {"name": "Rupsa", "upazila_code": null, "district": 59}}, {"model": "farm.upazila", "pk": 303, "fields": {"name": "KushtiaSadar", "upazila_code": null, "district": 60}}, {"model": "farm.upazila", "pk": 304, "fields": {"name": "Kumarkhali", "upazila_code": null, "district": 60}}, {"model": "farm.upazila", "pk": 305, "fields": {"name": "Daulatpur", "upazila_code": null, "district": 60}}, {"model": "farm.upazila", "pk": 306, "fields": {"name": "Mirpur", "upazila_code": null, "district": 60}}, {"model": "farm.upazila", "pk": 307, "fields": {"name": "Bheramara", "upazila_code": null, "district": 60}}, {"model": "farm.upazila", "pk": 308, "fields": {"name": "Khoksa", "upazila_code": null, "district": 60}}, {"model": "farm.upazila", "pk": 309, "fields": {"name": "MaguraSadar", "upazila_code": null, "district": 61}}, {"model": "farm.upazila", "pk": 310, "fields": {"name": "Mohammadpur", "upazila_code": null, "district": 61}}, {"model": "farm.upazila", "pk": 311, "fields": {"name": "Shalikha", "upazila_code": null, "district": 61}}, {"model": "farm.upazila", "pk": 312, "fields": {"name": "Sreepur", "upazila_code": null, "district": 61}}, {"model": "farm.upazila", "pk": 313, "fields": {"name": "Gangni", "upazila_code": null, "district": 62}}, {"model": "farm.upazila", "pk": 314, "fields": {"name": "MujibNagar", "upazila_code": null, "district": 62}}, {"model": "farm.upazila", "pk": 315, "fields": {"name": "MeherpurSadar", "upazila_code": null, "district": 62}}, {"model": "farm.upazila", "pk": 316, "fields": {"name": "NarailSadar", "upazila_code": null, "district": 63}}, {"model": "farm.upazila", "pk": 317, "fields": {"name": "Lohagara", "upazila_code": null, "district": 63}}, {"model": "farm.upazila", "pk": 318, "fields": {"name": "Kalia", "upazila_code": null, "district": 63}}, {"model": "farm.upazila", "pk": 319, "fields": {"name": "SatkhiraSadar", "upazila_code": null, "district": 64}}, {"model": "farm.upazila", "pk": 320, "fields": {"name": "Assasuni", "upazila_code": null, "district": 64}}, {"model": "farm.upazila", "pk": 321, "fields": {"name": "Debhata", "upazila_code": null, "district": 64}}, {"model": "farm.upazila", "pk": 322, "fields": {"name": "Tala", "upazila_code": null, "district": 64}}, {"model": "farm.upazila", "pk": 323, "fields": {"name": "Kalaroa", "upazila_code": null, "district": 64}}, {"model": "farm.upazila", "pk": 324, "fields": {"name": "Kaliganj", "upazila_code": null, "district": 64}}, {"model": "farm.upazila", "pk": 325, "fields": {"name": "Shyamnagar ", "upazila_code": null, "district": 64}}, {"model": "farm.upazila", "pk": 326, "fields": {"name": "Adamdighi", "upazila_code": null, "district": 18}}, {"model": "farm.upazila", "pk": 327, "fields": {"name": "BograSadar", "upazila_code": null, "district": 18}}, {"model": "farm.upazila", "pk": 328, "fields": {"name": "Sherpur", "upazila_code": null, "district": 18}}, {"model": "farm.upazila", "pk": 329, "fields": {"name": "Dhunat", "upazila_code": null, "district": 18}}, {"model": "farm.upazila", "pk": 330, "fields": {"name": "Dhupchanchia", "upazila_code": null, "district": 18}}, {"model": "farm.upazila", "pk": 331, "fields": {"name": "Gabtali", "upazila_code": null, "district": 18}}, {"model": "farm.upazila", "pk": 332, "fields": {"name": "Kahaloo", "upazila_code": null, "district": 18}}, {"model": "farm.upazila", "pk": 333, "fields": {"name": "Nandigram", "upazila_code": null, "district": 18}}, {"model": "farm.upazila", "pk": 334, "fields": {"name": "Shajahanpur", "upazila_code": null, "district": 18}}, {"model": "farm.upazila", "pk": 335, "fields": {"name": "Sariakandi", "upazila_code": null, "district": 18}}, {"model": "farm.upazila", "pk": 336, "fields": {"name": "Shibganj", "upazila_code": null, "district": 18}}, {"model": "farm.upazila", "pk": 337, "fields": {"name": "Sonatala", "upazila_code": null, "district": 18}}, {"model": "farm.upazila", "pk": 338, "fields": {"name": "JoypurhatSadar", "upazila_code": null, "district": 19}}, {"model": "farm.upazila", "pk": 339, "fields": {"name": "Akkelpur", "upazila_code": null, "district": 19}}, {"model": "farm.upazila", "pk": 340, "fields": {"name": "Kalai", "upazila_code": null, "district": 19}}, {"model": "farm.upazila", "pk": 341, "fields": {"name": "Khetlal", "upazila_code": null, "district": 19}}, {"model": "farm.upazila", "pk": 342, "fields": {"name": "Panchbibi", "upazila_code": null, "district": 19}}, {"model": "farm.upazila", "pk": 343, "fields": {"name": "NaogaonSadar ", "upazila_code": null, "district": 20}}, {"model": "farm.upazila", "pk": 344, "fields": {"name": "Mohadevpur", "upazila_code": null, "district": 20}}, {"model": "farm.upazila", "pk": 345, "fields": {"name": "Manda", "upazila_code": null, "district": 20}}, {"model": "farm.upazila", "pk": 346, "fields": {"name": "Niamatpur ", "upazila_code": null, "district": 20}}, {"model": "farm.upazila", "pk": 347, "fields": {"name": "Atrai", "upazila_code": null, "district": 20}}, {"model": "farm.upazila", "pk": 348, "fields": {"name": "Raninagar", "upazila_code": null, "district": 20}}, {"model": "farm.upazila", "pk": 349, "fields": {"name": "Patnitala ", "upazila_code": null, "district": 20}}, {"model": "farm.upazila", "pk": 350, "fields": {"name": "Dhamoirhat", "upazila_code": null, "district": 20}}, {"model": "farm.upazila", "pk": 351, "fields": {"name": "Sapahar", "upazila_code": null, "district": 20}}, {"model": "farm.upazila", "pk": 352, "fields": {"name": "Porsha", "upazila_code": null, "district": 20}}, {"model": "farm.upazila", "pk": 353, "fields": {"name": "Badalgachhi", "upazila_code": null, "district": 20}}, {"model": "farm.upazila", "pk": 354, "fields": {"name": "NatoreSadar", "upazila_code": null, "district": 21}}, {"model": "farm.upazila", "pk": 355, "fields": {"name": "Baraigram", "upazila_code": null, "district": 21}}, {"model": "farm.upazila", "pk": 356, "fields": {"name": "Bagatipara", "upazila_code": null, "district": 21}}, {"model": "farm.upazila", "pk": 357, "fields": {"name": "Lalpur", "upazila_code": null, "district": 21}}, {"model": "farm.upazila", "pk": 358, "fields": {"name": "Singra", "upazila_code": null, "district": 21}}, {"model": "farm.upazila", "pk": 359, "fields": {"name": "Naldanga", "upazila_code": null, "district": 21}}, {"model": "farm.upazila", "pk": 360, "fields": {"name": "Bholahat", "upazila_code": null, "district": 22}}, {"model": "farm.upazila", "pk": 361, "fields": {"name": "Gomastapur", "upazila_code": null, "district": 22}}, {"model": "farm.upazila", "pk": 362, "fields": {"name": "Nachole", "upazila_code": null, "district": 22}}, {"model": "farm.upazila", "pk": 363, "fields": {"name": "ChapainawabganjSadar", "upazila_code": null, "district": 22}}, {"model": "farm.upazila", "pk": 364, "fields": {"name": "Shibganj", "upazila_code": null, "district": 22}}, {"model": "farm.upazila", "pk": 365, "fields": {"name": "Atgharia", "upazila_code": null, "district": 23}}, {"model": "farm.upazila", "pk": 366, "fields": {"name": "Bera", "upazila_code": null, "district": 23}}, {"model": "farm.upazila", "pk": 367, "fields": {"name": "Bhangura", "upazila_code": null, "district": 23}}, {"model": "farm.upazila", "pk": 368, "fields": {"name": "Chatmohar", "upazila_code": null, "district": 23}}, {"model": "farm.upazila", "pk": 369, "fields": {"name": "Faridpur", "upazila_code": null, "district": 23}}, {"model": "farm.upazila", "pk": 370, "fields": {"name": "Ishwardi", "upazila_code": null, "district": 23}}, {"model": "farm.upazila", "pk": 371, "fields": {"name": "PabnaSadar", "upazila_code": null, "district": 23}}, {"model": "farm.upazila", "pk": 372, "fields": {"name": "Santhia", "upazila_code": null, "district": 23}}, {"model": "farm.upazila", "pk": 373, "fields": {"name": "Sujanagar", "upazila_code": null, "district": 23}}, {"model": "farm.upazila", "pk": 374, "fields": {"name": "Bagha", "upazila_code": null, "district": 24}}, {"model": "farm.upazila", "pk": 375, "fields": {"name": "Bagmara", "upazila_code": null, "district": 24}}, {"model": "farm.upazila", "pk": 376, "fields": {"name": "Charghat", "upazila_code": null, "district": 24}}, {"model": "farm.upazila", "pk": 377, "fields": {"name": "Durgapur", "upazila_code": null, "district": 24}}, {"model": "farm.upazila", "pk": 378, "fields": {"name": "Godagari", "upazila_code": null, "district": 24}}, {"model": "farm.upazila", "pk": 379, "fields": {"name": "Mohanpur", "upazila_code": null, "district": 24}}, {"model": "farm.upazila", "pk": 380, "fields": {"name": "Paba", "upazila_code": null, "district": 24}}, {"model": "farm.upazila", "pk": 381, "fields": {"name": "Puthia", "upazila_code": null, "district": 24}}, {"model": "farm.upazila", "pk": 382, "fields": {"name": "Tanore", "upazila_code": null, "district": 24}}, {"model": "farm.upazila", "pk": 383, "fields": {"name": "SirajganjSadar", "upazila_code": null, "district": 25}}, {"model": "farm.upazila", "pk": 384, "fields": {"name": "Belkuchi", "upazila_code": null, "district": 25}}, {"model": "farm.upazila", "pk": 385, "fields": {"name": "Chauhali", "upazila_code": null, "district": 25}}, {"model": "farm.upazila", "pk": 386, "fields": {"name": "Kamarkhanda", "upazila_code": null, "district": 25}}, {"model": "farm.upazila", "pk": 387, "fields": {"name": "Kazipur", "upazila_code": null, "district": 25}}, {"model": "farm.upazila", "pk": 388, "fields": {"name": "Raigonj", "upazila_code": null, "district": 25}}, {"model": "farm.upazila", "pk": 389, "fields": {"name": "Shahjadpur", "upazila_code": null, "district": 25}}, {"model": "farm.upazila", "pk": 390, "fields": {"name": "Tarash", "upazila_code": null, "district": 25}}, {"model": "farm.upazila", "pk": 391, "fields": {"name": "Ullapara", "upazila_code": null, "district": 25}}, {"model": "farm.upazila", "pk": 392, "fields": {"name": "Birampur", "upazila_code": null, "district": 26}}, {"model": "farm.upazila", "pk": 393, "fields": {"name": "Birganj", "upazila_code": null, "district": 26}}, {"model": "farm.upazila", "pk": 394, "fields": {"name": "Biral", "upazila_code": null, "district": 26}}, {"model": "farm.upazila", "pk": 395, "fields": {"name": "Bochaganj", "upazila_code": null, "district": 26}}, {"model": "farm.upazila", "pk": 396, "fields": {"name": "Chirirbandar", "upazila_code": null, "district": 26}}, {"model": "farm.upazila", "pk": 397, "fields": {"name": "Fulbari", "upazila_code": null, "district": 26}}, {"model": "farm.upazila", "pk": 398, "fields": {"name": "Ghoraghat", "upazila_code": null, "district": 26}}, {"model": "farm.upazila", "pk": 399, "fields": {"name": "Hakimpur", "upazila_code": null, "district": 26}}, {"model": "farm.upazila", "pk": 400, "fields": {"name": "Kaharole", "upazila_code": null, "district": 26}}, {"model": "farm.upazila", "pk": 401, "fields": {"name": "Khansama", "upazila_code": null, "district": 26}}, {"model": "farm.upazila", "pk": 402, "fields": {"name": "DinajpurSadar", "upazila_code": null, "district": 26}}, {"model": "farm.upazila", "pk": 403, "fields": {"name": "Nawabganj", "upazila_code": null, "district": 26}}, {"model": "farm.upazila", "pk": 404, "fields": {"name": "Parbatipur", "upazila_code": null, "district": 26}}, {"model": "farm.upazila", "pk": 405, "fields": {"name": "Fulchhari", "upazila_code": null, "district": 27}}, {"model": "farm.upazila", "pk": 406, "fields": {"name": "GaibandhaSadar", "upazila_code": null, "district": 27}}, {"model": "farm.upazila", "pk": 407, "fields": {"name": "Gobindaganj", "upazila_code": null, "district": 27}}, {"model": "farm.upazila", "pk": 408, "fields": {"name": "Palashbari", "upazila_code": null, "district": 27}}, {"model": "farm.upazila", "pk": 409, "fields": {"name": "Sadullapur", "upazila_code": null, "district": 27}}, {"model": "farm.upazila", "pk": 410, "fields": {"name": "Saghata", "upazila_code": null, "district": 27}}, {"model": "farm.upazila", "pk": 411, "fields": {"name": "Sundarganj", "upazila_code": null, "district": 27}}, {"model": "farm.upazila", "pk": 412, "fields": {"name": "KurigramSadar", "upazila_code": null, "district": 28}}, {"model": "farm.upazila", "pk": 413, "fields": {"name": "Nageshwari", "upazila_code": null, "district": 28}}, {"model": "farm.upazila", "pk": 414, "fields": {"name": "Bhurungamari", "upazila_code": null, "district": 28}}, {"model": "farm.upazila", "pk": 415, "fields": {"name": "Phulbari", "upazila_code": null, "district": 28}}, {"model": "farm.upazila", "pk": 416, "fields": {"name": "Rajarhat", "upazila_code": null, "district": 28}}, {"model": "farm.upazila", "pk": 417, "fields": {"name": "Ulipur", "upazila_code": null, "district": 28}}, {"model": "farm.upazila", "pk": 418, "fields": {"name": "Chilmari", "upazila_code": null, "district": 28}}, {"model": "farm.upazila", "pk": 419, "fields": {"name": "Rowmari", "upazila_code": null, "district": 28}}, {"model": "farm.upazila", "pk": 420, "fields": {"name": "CharRajibpur", "upazila_code": null, "district": 28}}, {"model": "farm.upazila", "pk": 421, "fields": {"name": "LalmonirhatSadar", "upazila_code": null, "district": 29}}, {"model": "farm.upazila", "pk": 422, "fields": {"name": "Aditmari", "upazila_code": null, "district": 29}}, {"model": "farm.upazila", "pk": 423, "fields": {"name": "Kaliganj", "upazila_code": null, "district": 29}}, {"model": "farm.upazila", "pk": 424, "fields": {"name": "Hatibandha", "upazila_code": null, "district": 29}}, {"model": "farm.upazila", "pk": 425, "fields": {"name": "Patgram", "upazila_code": null, "district": 29}}, {"model": "farm.upazila", "pk": 426, "fields": {"name": "NilphamariSadar", "upazila_code": null, "district": 30}}, {"model": "farm.upazila", "pk": 427, "fields": {"name": "Saidpur", "upazila_code": null, "district": 30}}, {"model": "farm.upazila", "pk": 428, "fields": {"name": "Jaldhaka", "upazila_code": null, "district": 30}}, {"model": "farm.upazila", "pk": 429, "fields": {"name": "Kishoreganj", "upazila_code": null, "district": 30}}, {"model": "farm.upazila", "pk": 430, "fields": {"name": "Domar", "upazila_code": null, "district": 30}}, {"model": "farm.upazila", "pk": 431, "fields": {"name": "Dimla", "upazila_code": null, "district": 30}}, {"model": "farm.upazila", "pk": 432, "fields": {"name": "PanchagarhSadar", "upazila_code": null, "district": 31}}, {"model": "farm.upazila", "pk": 433, "fields": {"name": "Debiganj", "upazila_code": null, "district": 31}}, {"model": "farm.upazila", "pk": 434, "fields": {"name": "Boda", "upazila_code": null, "district": 31}}, {"model": "farm.upazila", "pk": 435, "fields": {"name": "Atwari", "upazila_code": null, "district": 31}}, {"model": "farm.upazila", "pk": 436, "fields": {"name": "Tetulia", "upazila_code": null, "district": 31}}, {"model": "farm.upazila", "pk": 437, "fields": {"name": "Badarganj", "upazila_code": null, "district": 32}}, {"model": "farm.upazila", "pk": 438, "fields": {"name": "Mithapukur", "upazila_code": null, "district": 32}}, {"model": "farm.upazila", "pk": 439, "fields": {"name": "Gangachara", "upazila_code": null, "district": 32}}, {"model": "farm.upazila", "pk": 440, "fields": {"name": "Kaunia", "upazila_code": null, "district": 32}}, {"model": "farm.upazila", "pk": 441, "fields": {"name": "RangpurSadar", "upazila_code": null, "district": 32}}, {"model": "farm.upazila", "pk": 442, "fields": {"name": "Pirgachha", "upazila_code": null, "district": 32}}, {"model": "farm.upazila", "pk": 443, "fields": {"name": "Pirganj", "upazila_code": null, "district": 32}}, {"model": "farm.upazila", "pk": 444, "fields": {"name": "Taraganj", "upazila_code": null, "district": 32}}, {"model": "farm.upazila", "pk": 445, "fields": {"name": "ThakurgaonSadar", "upazila_code": null, "district": 33}}, {"model": "farm.upazila", "pk": 446, "fields": {"name": "Pirganj", "upazila_code": null, "district": 33}}, {"model": "farm.upazila", "pk": 447, "fields": {"name": "Baliadangi", "upazila_code": null, "district": 33}}, {"model": "farm.upazila", "pk": 448, "fields": {"name": "Haripur", "upazila_code": null, "district": 33}}, {"model": "farm.upazila", "pk": 449, "fields": {"name": "Ranisankail", "upazila_code": null, "district": 33}}, {"model": "farm.upazila", "pk": 450, "fields": {"name": "Ajmiriganj", "upazila_code": null, "district": 51}}, {"model": "farm.upazila", "pk": 451, "fields": {"name": "Baniachong", "upazila_code": null, "district": 51}}, {"model": "farm.upazila", "pk": 452, "fields": {"name": "Bahubal", "upazila_code": null, "district": 51}}, {"model": "farm.upazila", "pk": 453, "fields": {"name": "Chunarughat", "upazila_code": null, "district": 51}}, {"model": "farm.upazila", "pk": 454, "fields": {"name": "HabiganjSadar", "upazila_code": null, "district": 51}}, {"model": "farm.upazila", "pk": 455, "fields": {"name": "Lakhai", "upazila_code": null, "district": 51}}, {"model": "farm.upazila", "pk": 456, "fields": {"name": "Madhabpur", "upazila_code": null, "district": 51}}, {"model": "farm.upazila", "pk": 457, "fields": {"name": "Nabiganj", "upazila_code": null, "district": 51}}, {"model": "farm.upazila", "pk": 458, "fields": {"name": "Shayestaganj", "upazila_code": null, "district": 51}}, {"model": "farm.upazila", "pk": 459, "fields": {"name": "MoulvibazarSadar", "upazila_code": null, "district": 52}}, {"model": "farm.upazila", "pk": 460, "fields": {"name": "Barlekha", "upazila_code": null, "district": 52}}, {"model": "farm.upazila", "pk": 461, "fields": {"name": "Juri", "upazila_code": null, "district": 52}}, {"model": "farm.upazila", "pk": 462, "fields": {"name": "Kamalganj", "upazila_code": null, "district": 52}}, {"model": "farm.upazila", "pk": 463, "fields": {"name": "Kulaura", "upazila_code": null, "district": 52}}, {"model": "farm.upazila", "pk": 464, "fields": {"name": "Rajnagar", "upazila_code": null, "district": 52}}, {"model": "farm.upazila", "pk": 465, "fields": {"name": "Sreemangal", "upazila_code": null, "district": 52}}, {"model": "farm.upazila", "pk": 466, "fields": {"name": "Bishwambarpur", "upazila_code": null, "district": 53}}, {"model": "farm.upazila", "pk": 467, "fields": {"name": "Chhatak", "upazila_code": null, "district": 53}}, {"model": "farm.upazila", "pk": 468, "fields": {"name": "Derai", "upazila_code": null, "district": 53}}, {"model": "farm.upazila", "pk": 469, "fields": {"name": "Dharampasha", "upazila_code": null, "district": 53}}, {"model": "farm.upazila", "pk": 470, "fields": {"name": "Dowarabazar", "upazila_code": null, "district": 53}}, {"model": "farm.upazila", "pk": 471, "fields": {"name": "Jagannathpur", "upazila_code": null, "district": 53}}, {"model": "farm.upazila", "pk": 472, "fields": {"name": "Jamalganj", "upazila_code": null, "district": 53}}, {"model": "farm.upazila", "pk": 473, "fields": {"name": "Shalla", "upazila_code": null, "district": 53}}, {"model": "farm.upazila", "pk": 474, "fields": {"name": "SunamganjSadar", "upazila_code": null, "district": 53}}, {"model": "farm.upazila", "pk": 475, "fields": {"name": "SouthSunamganj", "upazila_code": null, "district": 53}}, {"model": "farm.upazila", "pk": 476, "fields": {"name": "Tahirpur", "upazila_code": null, "district": 53}}, {"model": "farm.upazila", "pk": 477, "fields": {"name": "SylhetSadar", "upazila_code": null, "district": 54}}, {"model": "farm.upazila", "pk": 478, "fields": {"name": "Beanibazar", "upazila_code": null, "district": 54}}, {"model": "farm.upazila", "pk": 479, "fields": {"name": "Bishwanath", "upazila_code": null, "district": 54}}, {"model": "farm.upazila", "pk": 480, "fields": {"name": "SouthSurma", "upazila_code": null, "district": 54}}, {"model": "farm.upazila", "pk": 481, "fields": {"name": "Balaganj", "upazila_code": null, "district": 54}}, {"model": "farm.upazila", "pk": 482, "fields": {"name": "Companiganj", "upazila_code": null, "district": 54}}, {"model": "farm.upazila", "pk": 483, "fields": {"name": "Fenchuganj", "upazila_code": null, "district": 54}}, {"model": "farm.upazila", "pk": 484, "fields": {"name": "Golapganj", "upazila_code": null, "district": 54}}, {"model": "farm.upazila", "pk": 485, "fields": {"name": "Gowainghat", "upazila_code": null, "district": 54}}, {"model": "farm.upazila", "pk": 486, "fields": {"name": "Jaintiapur", "upazila_code": null, "district": 54}}, {"model": "farm.upazila", "pk": 487, "fields": {"name": "Kanaighat", "upazila_code": null, "district": 54}}, {"model": "farm.upazila", "pk": 488, "fields": {"name": "Zakiganj", "upazila_code": null, "district": 54}}, {"model": "farm.upazila", "pk": 489, "fields": {"name": "Osmaninagar", "upazila_code": null, "district": 54}}, {"model": "farm.upazila", "pk": 490, "fields": {"name": "DhakaNorthCityCorporation", "upazila_code": null, "district": 1}}, {"model": "farm.upazila", "pk": 491, "fields": {"name": "DhakaSouthCityCorporation", "upazila_code": null, "district": 1}}, {"model": "farm.upazila", "pk": 492, "fields": {"name": "Debidwar", "upazila_code": null, "district": 44}}, {"model": "farm.upazila", "pk": 493, "fields": {"name": "Guimara", "upazila_code": null, "district": 47}}, {"model": "farm.upazila", "pk": 495, "fields": {"name": "Tarakanda", "upazila_code": null, "district": 10}}, {"model": "farm.upazila", "pk": 496, "fields": {"name": "RajshahiCityCorporation", "upazila_code": null, "district": 24}}, {"model": "farm.upazila", "pk": 497, "fields": {"name": "KhulnaCityCorporation", "upazila_code": null, "district": 59}}, {"model": "farm.upazila", "pk": 498, "fields": {"name": "ChattogramCityCorporation", "upazila_code": null, "district": 43}}, {"model": "farm.upazila", "pk": 499, "fields": {"name": "CumillaCityCorporation", "upazila_code": null, "district": 44}}, {"model": "farm.upazila", "pk": 500, "fields": {"name": "GazipurCityCorporation", "upazila_code": null, "district": 3}}, {"model": "farm.upazila", "pk": 501, "fields": {"name": "NarayanganjCitycorporation", "upazila_code": null, "district": 11}}, {"model": "farm.upazila", "pk": 502, "fields": {"name": "BarishalCityCorporation", "upazila_code": null, "district": 35}}, {"model": "farm.upazila", "pk": 503, "fields": {"name": "MymensinghCityCorporation", "upazila_code": null, "district": 10}}, {"model": "farm.upazila", "pk": 504, "fields": {"name": "RangpurCityCorporation", "upazila_code": null, "district": 32}}, {"model": "farm.upazila", "pk": 505, "fields": {"name": "SylhetCityCorporation", "upazila_code": null, "district": 54}}, {"model": "farm.crop", "pk": 1, "fields": {"name": "Grain", "created_at": null, "created_by": "", "last_updated_at": null, "last_updated_by": "", "delete_status": 0}}, {"model": "farm.crop", "pk": 2, "fields": {"name": "Pulse", "created_at": null, "created_by": "", "last_updated_at": null, "last_updated_by": "", "delete_status": 0}}, {"model": "farm.crop", "pk": 3, "fields": {"name": "Oil", "created_at": null, "created_by": "", "last_updated_at": null, "last_updated_by": "", "delete_status": 0}}, {"model": "farm.crop", "pk": 4, "fields": {"name": "Spices", "created_at": null, "created_by": "", "last_updated_at": null, "last_updated_by": "", "delete_status": 0}}, {"model": "farm.crop", "pk": 5, "fields": {"name": "Vegetable", "created_at": null, "created_by": "", "last_updated_at": null, "last_updated_by": "", "delete_status": 0}}, {"model": "farm.crop", "pk": 6, "fields": {"name": "Tuber", "created_at": null, "created_by": "", "last_updated_at": null, "last_updated_by": "", "delete_status": 0}}, {"model": "farm.crop", "pk": 7, "fields": {"name": "Fruit", "created_at": null, "created_by": "", "last_updated_at": null, "last_updated_by": "", "delete_status": 0}}, {"model": "farm.crop", "pk": 8, "fields": {"name": "Flower", "created_at": null, "created_by": "", "last_updated_at": null, "last_updated_by": "", "delete_status": 0}}, {"model": "farm.crop", "pk": 9, "fields": {"name": "Cash Crop", "created_at": null, "created_by": "", "last_updated_at": null, "last_updated_by": "", "delete_status": 0}}, {"model": "farm.croptype", "pk": 4, "fields": {"eng_name": "Eggplant", "local_name": "Begun", "crop": 5, "photo": null, "scientific_name": "Solanum melongena", "major_nutrient": "Vitamin A, C, E, K, Calcium, Magnesium, Zinc ", "created_at": null, "created_by": "", "last_updated_at": null, "last_updated_by": "", "delete_status": 0}}, {"model": "farm.croptype", "pk": 5, "fields": {"eng_name": "Luffa", "local_name": "Jhinga", "crop": 5, "photo": null, "scientific_name": "Luffa acutangula", "major_nutrient": "Protein, Bita-Carotine, Vitamin C, Calcium, Phosphorus", "created_at": null, "created_by": "", "last_updated_at": null, "last_updated_by": "", "delete_status": 0}}, {"model": "farm.croptype", "pk": 6, "fields": {"eng_name": "Radish", "local_name": "Mula", "crop": 5, "photo": null, "scientific_name": "Raphanus sativus", "major_nutrient": "Vitamin A, Calcium, Iron", "created_at": null, "created_by": "", "last_updated_at": null, "last_updated_by": "", "delete_status": 0}}, {"model": "farm.croptype", "pk": 7, "fields": {"eng_name": "Ladies Finger", "local_name": "Dherosh", "crop": 5, "photo": null, "scientific_name": "Abelmoschus esculentus", "major_nutrient": "Vitamin A, B,C; Iodin", "created_at": null, "created_by": "", "last_updated_at": null, "last_updated_by": "", "delete_status": 0}}, {"model": "farm.croptype", "pk": 8, "fields": {"eng_name": "Yardlong Bean", "local_name": "Borboti", "crop": 5, "photo": null, "scientific_name": "Vigna Sesquipedalis", "major_nutrient": "Vitamin A,C; Magnesium, Calcium, Iron,  Potassium", "created_at": null, "created_by": "", "last_updated_at": null, "last_updated_by": "", "delete_status": 0}}, {"model": "farm.croptype", "pk": 9, "fields": {"eng_name": "Cabbage", "local_name": "Badhacopy", "crop": 5, "photo": null, "scientific_name": "Brassica oleracea var capitata", "major_nutrient": "Vitamin A, B1, B2, B6, E, C, K; Calcium, Iron, Iodin, Potassium, Salfa", "created_at": null, "created_by": "", "last_updated_at": null, "last_updated_by": "", "delete_status": 0}}, {"model": "farm.croptype", "pk": 10, "fields": {"eng_name": "Gourd/Calabash", "local_name": "Lau/Kodu", "crop": 5, "photo": null, "scientific_name": "Lagenaria siceraria", "major_nutrient": "Vitamin C, Calcium, Phosphorus, Potasium, Nicotinic Acid, Vitamin B-1,", "created_at": null, "created_by": "", "last_updated_at": null, "last_updated_by": "", "delete_status": 0}}, {"model": "farm.croptype", "pk": 11, "fields": {"eng_name": "Bean", "local_name": "Seam", "crop": 5, "photo": null, "scientific_name": "Phaseolus", "major_nutrient": "Protein, Vitamin C, Zinc, Mineral", "created_at": null, "created_by": "", "last_updated_at": null, "last_updated_by": "", "delete_status": 0}}, {"model": "farm.croptype", "pk": 12, "fields": {"eng_name": "Bitter Gourd/Baslam Pear/ Bitter Melon/Alligator Pear", "local_name": "Korola", "crop": 5, "photo": null, "scientific_name": "Momordica charantia", "major_nutrient": "Protein, Calcium, Iron, Vitamin c", "created_at": null, "created_by": "", "last_updated_at": null, "last_updated_by": "", "delete_status": 0}}, {"model": "farm.croptype", "pk": 13, "fields": {"eng_name": "Sweet Pumpkin", "local_name": "Misti Kumra", "crop": 5, "photo": null, "scientific_name": "Cucurbitaceae", "major_nutrient": "Vitamin A, B-Complex, C & E, Potassium, Magnesium, Calcium, Manganis, ", "created_at": null, "created_by": "", "last_updated_at": null, "last_updated_by": "", "delete_status": 0}}, {"model": "farm.croptype", "pk": 14, "fields": {"eng_name": "Pointed Gourd", "local_name": "Potol", "crop": 5, "photo": null, "scientific_name": "Trichosanthes dioica", "major_nutrient": "Vitamin A, Vitamin B1 & 2, Vitamin C, Calcium, Antioxident", "created_at": null, "created_by": "", "last_updated_at": null, "last_updated_by": "", "delete_status": 0}}, {"model": "farm.croptype", "pk": 15, "fields": {"eng_name": "Cucumber", "local_name": "Sosha", "crop": 5, "photo": null, "scientific_name": "Cucumis sativus", "major_nutrient": "Protein, Calcium,Iron, Carotin, Vitamin C", "created_at": null, "created_by": "", "last_updated_at": null, "last_updated_by": "", "delete_status": 0}}, {"model": "farm.croptype", "pk": 16, "fields": {"eng_name": "Lal Shak", "local_name": "Lal Shak", "crop": 5, "photo": null, "scientific_name": "Amaranthus gangeticus", "major_nutrient": "Vitamin A, Calcium", "created_at": null, "created_by": "", "last_updated_at": null, "last_updated_by": "", "delete_status": 0}}, {"model": "farm.croptype", "pk": 17, "fields": {"eng_name": "Tomato", "local_name": "Tomato", "crop": 5, "photo": null, "scientific_name": "Lycopersicon esculentum", "major_nutrient": "Protein, Fiber, Sodium, Potasium, Copper, Iron, Vitamin C", "created_at": null, "created_by": "", "last_updated_at": null, "last_updated_by": "", "delete_status": 0}}, {"model": "farm.croptype", "pk": 18, "fields": {"eng_name": "Cauliflower", "local_name": "Fulcopy", "crop": 5, "photo": null, "scientific_name": "Brassica oleracea var. botrytis", "major_nutrient": "Sulfar, Potasium, Phosphorus, Minerals", "created_at": null, "created_by": "", "last_updated_at": null, "last_updated_by": "", "delete_status": 0}}, {"model": "farm.vegetable", "pk": 157, "fields": {"name": "Islampuri", "vegetable_type": 4, "soil_type": "Bele, Atel Soil/All types of soil", "harvesting_period": "Winter", "expected_production": "36 Ton/Hectre", "seasonal": true, "created_at": null, "created_by": "", "last_updated_at": null, "last_updated_by": "", "delete_status": 0}}, {"model": "farm.vegetable", "pk": 158, "fields": {"name": "Singnath", "vegetable_type": 4, "soil_type": "Bele, Atel Soil/All types of soil", "harvesting_period": "All Time", "expected_production": "30 Ton/Hectre", "seasonal": false, "created_at": null, "created_by": "", "last_updated_at": null, "last_updated_by": "", "delete_status": 0}}, {"model": "farm.vegetable", "pk": 159, "fields": {"name": "Tarapuri", "vegetable_type": 4, "soil_type": "Bele, Atel Soil/All types of soil", "harvesting_period": "All Time", "expected_production": "80 Ton/Hectre", "seasonal": false, "created_at": null, "created_by": "", "last_updated_at": null, "last_updated_by": "", "delete_status": 0}}, {"model": "farm.vegetable", "pk": 160, "fields": {"name": "Bari Jhinga 1", "vegetable_type": 5, "soil_type": "All types of soil", "harvesting_period": "All Time", "expected_production": "10-15 Ton/Hectre", "seasonal": false, "created_at": null, "created_by": "", "last_updated_at": null, "last_updated_by": "", "delete_status": 0}}, {"model": "farm.vegetable", "pk": 161, "fields": {"name": "Bari Mula 1(Tasakisan)", "vegetable_type": 6, "soil_type": "Bele Doash", "harvesting_period": "Winter", "expected_production": "65-70 Ton/Hectre", "seasonal": true, "created_at": null, "created_by": "", "last_updated_at": null, "last_updated_by": "", "delete_status": 0}}, {"model": "farm.vegetable", "pk": 162, "fields": {"name": "Everest F1", "vegetable_type": 6, "soil_type": "Bele Doash", "harvesting_period": "All Time", "expected_production": "50-60 Ton/Hectre", "seasonal": false, "created_at": null, "created_by": "", "last_updated_at": null, "last_updated_by": "", "delete_status": 0}}, {"model": "farm.vegetable", "pk": 163, "fields": {"name": "Mino Early Long White", "vegetable_type": 6, "soil_type": "Bele Doash", "harvesting_period": "Summer", "expected_production": "40-50 Ton/Hectre", "seasonal": true, "created_at": null, "created_by": "", "last_updated_at": null, "last_updated_by": "", "delete_status": 0}}, {"model": "farm.vegetable", "pk": 164, "fields": {"name": "Shauni", "vegetable_type": 7, "soil_type": "Doash,Bele Doash", "harvesting_period": "Summer", "expected_production": "5-7 Ton/Hectre", "seasonal": true, "created_at": null, "created_by": "", "last_updated_at": null, "last_updated_by": "", "delete_status": 0}}, {"model": "farm.vegetable", "pk": 165, "fields": {"name": "Bari Dherosh", "vegetable_type": 7, "soil_type": "Doash,Bele Doash", "harvesting_period": "Summer", "expected_production": "8-10 Ton/Hectre", "seasonal": true, "created_at": null, "created_by": "", "last_updated_at": null, "last_updated_by": "", "delete_status": 0}}, {"model": "farm.vegetable", "pk": 166, "fields": {"name": "Kabuli Doarf", "vegetable_type": 7, "soil_type": "Doash,Bele Doash", "harvesting_period": "All Time", "expected_production": "4-5 Ton/Hectre", "seasonal": false, "created_at": null, "created_by": "", "last_updated_at": null, "last_updated_by": "", "delete_status": 0}}, {"model": "farm.vegetable", "pk": 167, "fields": {"name": "Japani Pacific Green", "vegetable_type": 7, "soil_type": "Doash,Bele Doash", "harvesting_period": "All Time", "expected_production": "5-6 Ton/Hectre", "seasonal": false, "created_at": null, "created_by": "", "last_updated_at": null, "last_updated_by": "", "delete_status": 0}}, {"model": "farm.vegetable", "pk": 168, "fields": {"name": "Bari Borboti 1", "vegetable_type": 8, "soil_type": "Doash,Bele Doash", "harvesting_period": "Summer", "expected_production": "10-12 Ton/Hectre", "seasonal": true, "created_at": null, "created_by": "", "last_updated_at": null, "last_updated_by": "", "delete_status": 0}}, {"model": "farm.vegetable", "pk": 169, "fields": {"name": "Vegornatoki", "vegetable_type": 8, "soil_type": "Doash,Bele Doash", "harvesting_period": "Summer", "expected_production": "9-10Ton/Hectre", "seasonal": true, "created_at": null, "created_by": "", "last_updated_at": null, "last_updated_by": "", "delete_status": 0}}, {"model": "farm.vegetable", "pk": 170, "fields": {"name": "Hybrid Isha Kha", "vegetable_type": 9, "soil_type": "Bele Doash, Poli Doash", "harvesting_period": "Winter", "expected_production": "75-80 Ton/Hectre", "seasonal": true, "created_at": null, "created_by": "", "last_updated_at": null, "last_updated_by": "", "delete_status": 0}}, {"model": "farm.vegetable", "pk": 171, "fields": {"name": "Hybrid Bronco", "vegetable_type": 9, "soil_type": "Bele Doash, Poli Doash", "harvesting_period": "All Time", "expected_production": "75-80 Ton/Hectre", "seasonal": false, "created_at": null, "created_by": "", "last_updated_at": null, "last_updated_by": "", "delete_status": 0}}, {"model": "farm.vegetable", "pk": 172, "fields": {"name": "Summer Warrior", "vegetable_type": 9, "soil_type": "Bele Doash, Poli Doash", "harvesting_period": "Summer", "expected_production": "75-80 Ton/Hectre", "seasonal": true, "created_at": null, "created_by": "", "last_updated_at": null, "last_updated_by": "", "delete_status": 0}}, {"model": "farm.vegetable", "pk": 173, "fields": {"name": "Provati", "vegetable_type": 9, "soil_type": "Bele Doash, Poli Doash", "harvesting_period": "Winter", "expected_production": "110 Ton/Hectre", "seasonal": true, "created_at": null, "created_by": "", "last_updated_at": null, "last_updated_by": "", "delete_status": 0}}, {"model": "farm.vegetable", "pk": 174, "fields": {"name": "Hazari", "vegetable_type": 10, "soil_type": "Doash, Atel Doash", "harvesting_period": "Winter", "expected_production": "25-30 Ton/Hectre", "seasonal": true, "created_at": null, "created_by": "", "last_updated_at": null, "last_updated_by": "", "delete_status": 0}}, {"model": "farm.vegetable", "pk": 175, "fields": {"name": "Bari Lau-1", "vegetable_type": 10, "soil_type": "Doash, Atel Doash", "harvesting_period": "All Time", "expected_production": "25-30 Ton/Hectre", "seasonal": false, "created_at": null, "created_by": "", "last_updated_at": null, "last_updated_by": "", "delete_status": 0}}, {"model": "farm.vegetable", "pk": 176, "fields": {"name": "Bari Seam 1", "vegetable_type": 11, "soil_type": "Doash,Bele Doash", "harvesting_period": "Winter", "expected_production": "20-22 Ton/Hectre", "seasonal": true, "created_at": null, "created_by": "", "last_updated_at": null, "last_updated_by": "", "delete_status": 0}}, {"model": "farm.vegetable", "pk": 177, "fields": {"name": "B U Seam 3", "vegetable_type": 11, "soil_type": "Doash,Bele Doash", "harvesting_period": "All Time", "expected_production": "7-8 Ton/Hectre", "seasonal": false, "created_at": null, "created_by": "", "last_updated_at": null, "last_updated_by": "", "delete_status": 0}}, {"model": "farm.vegetable", "pk": 178, "fields": {"name": "Ipsha Seam 2", "vegetable_type": 11, "soil_type": "Doash,Bele Doash", "harvesting_period": "All Time", "expected_production": "7-8 Ton/Hectre", "seasonal": false, "created_at": null, "created_by": "", "last_updated_at": null, "last_updated_by": "", "delete_status": 0}}, {"model": "farm.vegetable", "pk": 179, "fields": {"name": "Bari Korola 1", "vegetable_type": 12, "soil_type": "Doash,Bele Doash", "harvesting_period": "All Time", "expected_production": "25-30 Ton/Hectre", "seasonal": false, "created_at": null, "created_by": "", "last_updated_at": null, "last_updated_by": "", "delete_status": 0}}, {"model": "farm.vegetable", "pk": 180, "fields": {"name": "Goz Korola", "vegetable_type": 12, "soil_type": "Doash,Bele Doash", "harvesting_period": "All Time", "expected_production": "20-25 Ton/Hectre", "seasonal": false, "created_at": null, "created_by": "", "last_updated_at": null, "last_updated_by": "", "delete_status": 0}}, {"model": "farm.vegetable", "pk": 181, "fields": {"name": "Suprema", "vegetable_type": 13, "soil_type": "Doash, Atel Doash", "harvesting_period": "All Time", "expected_production": "18-20 Ton/Hectre", "seasonal": false, "created_at": null, "created_by": "", "last_updated_at": null, "last_updated_by": "", "delete_status": 0}}, {"model": "farm.vegetable", "pk": 182, "fields": {"name": "Sweety", "vegetable_type": 13, "soil_type": "Doash, Atel Doash", "harvesting_period": "All Time", "expected_production": "18-20 Ton/Hectre", "seasonal": false, "created_at": null, "created_by": "", "last_updated_at": null, "last_updated_by": "", "delete_status": 0}}, {"model": "farm.vegetable", "pk": 183, "fields": {"name": "Dreamgold", "vegetable_type": 13, "soil_type": "Doash, Atel Doash", "harvesting_period": "All Time", "expected_production": "18-20 Ton/Hectre", "seasonal": false, "created_at": null, "created_by": "", "last_updated_at": null, "last_updated_by": "", "delete_status": 0}}, {"model": "farm.vegetable", "pk": 184, "fields": {"name": "Solid Gold", "vegetable_type": 13, "soil_type": "Doash, Atel Doash", "harvesting_period": "All Time", "expected_production": "18-20 Ton/Hectre", "seasonal": false, "created_at": null, "created_by": "", "last_updated_at": null, "last_updated_by": "", "delete_status": 0}}, {"model": "farm.vegetable", "pk": 185, "fields": {"name": "Bari Potol 1", "vegetable_type": 14, "soil_type": "Bele Doash, Doash", "harvesting_period": "Summer", "expected_production": "30-38 Ton/Hectre", "seasonal": true, "created_at": null, "created_by": "", "last_updated_at": null, "last_updated_by": "", "delete_status": 0}}, {"model": "farm.vegetable", "pk": 186, "fields": {"name": "Baro Potol 2", "vegetable_type": 14, "soil_type": "Bele Doash, Doash", "harvesting_period": "Summer", "expected_production": "30 Ton/Hectre", "seasonal": true, "created_at": null, "created_by": "", "last_updated_at": null, "last_updated_by": "", "delete_status": 0}}, {"model": "farm.vegetable", "pk": 187, "fields": {"name": "Baromasi", "vegetable_type": 15, "soil_type": "Doash", "harvesting_period": "All Time", "expected_production": "10-12 Ton/Hectre", "seasonal": false, "created_at": null, "created_by": "", "last_updated_at": null, "last_updated_by": "", "delete_status": 0}}, {"model": "farm.vegetable", "pk": 188, "fields": {"name": "Potia Giant", "vegetable_type": 15, "soil_type": "Doash", "harvesting_period": "All Time", "expected_production": "10-12 Ton/Hectre", "seasonal": false, "created_at": null, "created_by": "", "last_updated_at": null, "last_updated_by": "", "delete_status": 0}}, {"model": "farm.vegetable", "pk": 189, "fields": {"name": "Alta Peti", "vegetable_type": 16, "soil_type": "Bele Doash, Atel Doash", "harvesting_period": "All Time", "expected_production": "5-6 Ton/Hectre", "seasonal": false, "created_at": null, "created_by": "", "last_updated_at": null, "last_updated_by": "", "delete_status": 0}}, {"model": "farm.vegetable", "pk": 190, "fields": {"name": "Bari lal Shak 1", "vegetable_type": 16, "soil_type": "Bele Doash, Atel Doash", "harvesting_period": "All Time", "expected_production": "5-6 Ton/Hectre", "seasonal": false, "created_at": null, "created_by": "", "last_updated_at": null, "last_updated_by": "", "delete_status": 0}}, {"model": "farm.vegetable", "pk": 191, "fields": {"name": "Bari Tomato 4", "vegetable_type": 17, "soil_type": "Atel Doash", "harvesting_period": "Early Winter", "expected_production": "20-40 Ton/Hectre", "seasonal": true, "created_at": null, "created_by": "", "last_updated_at": null, "last_updated_by": "", "delete_status": 0}}, {"model": "farm.vegetable", "pk": 192, "fields": {"name": "Roma VF", "vegetable_type": 17, "soil_type": "Atel Doash", "harvesting_period": "Early Winter", "expected_production": "20-40 Ton/Hectre", "seasonal": true, "created_at": null, "created_by": "", "last_updated_at": null, "last_updated_by": "", "delete_status": 0}}, {"model": "farm.vegetable", "pk": 193, "fields": {"name": "Manik", "vegetable_type": 17, "soil_type": "Atel Doash", "harvesting_period": "Winter", "expected_production": "20-40 Ton/Hectre", "seasonal": true, "created_at": null, "created_by": "", "last_updated_at": null, "last_updated_by": "", "delete_status": 0}}, {"model": "farm.vegetable", "pk": 194, "fields": {"name": "Ratan", "vegetable_type": 17, "soil_type": "Atel Doash", "harvesting_period": "Winter", "expected_production": "20-40 Ton/Hectre", "seasonal": true, "created_at": null, "created_by": "", "last_updated_at": null, "last_updated_by": "", "delete_status": 0}}, {"model": "farm.vegetable", "pk": 195, "fields": {"name": "Bari Tomato 6(Chaiti)", "vegetable_type": 17, "soil_type": "Atel Doash", "harvesting_period": "All Time", "expected_production": "20-40 Ton/Hectre", "seasonal": false, "created_at": null, "created_by": "", "last_updated_at": null, "last_updated_by": "", "delete_status": 0}}, {"model": "farm.vegetable", "pk": 196, "fields": {"name": "Aghrahoni", "vegetable_type": 18, "soil_type": "Doash, Atel", "harvesting_period": "Early Winter", "expected_production": "35-60 Ton/Hectre", "seasonal": true, "created_at": null, "created_by": "", "last_updated_at": null, "last_updated_by": "", "delete_status": 0}}, {"model": "farm.vegetable", "pk": 197, "fields": {"name": "Early Patnai", "vegetable_type": 18, "soil_type": "Doash, Atel", "harvesting_period": "Early Winter", "expected_production": "35-60 Ton/Hectre", "seasonal": true, "created_at": null, "created_by": "", "last_updated_at": null, "last_updated_by": "", "delete_status": 0}}, {"model": "farm.vegetable", "pk": 198, "fields": {"name": "Super Snowball", "vegetable_type": 18, "soil_type": "Doash, Atel", "harvesting_period": "Early Winter", "expected_production": "35-60 Ton/Hectre", "seasonal": true, "created_at": null, "created_by": "", "last_updated_at": null, "last_updated_by": "", "delete_status": 0}}, {"model": "farm.vegetable", "pk": 199, "fields": {"name": "Heat master", "vegetable_type": 18, "soil_type": "Doash, Atel", "harvesting_period": "Early Winter", "expected_production": "35-60 Ton/Hectre", "seasonal": true, "created_at": null, "created_by": "", "last_updated_at": null, "last_updated_by": "", "delete_status": 0}}, {"model": "farm.vegetable", "pk": 200, "fields": {"name": "Poushali", "vegetable_type": 18, "soil_type": "Doash, Atel", "harvesting_period": "Early Winter", "expected_production": "35-60 Ton/Hectre", "seasonal": true, "created_at": null, "created_by": "", "last_updated_at": null, "last_updated_by": "", "delete_status": 0}}, {"model": "farm.vegetable", "pk": 201, "fields": {"name": "Snowball X", "vegetable_type": 18, "soil_type": "Doash, Atel", "harvesting_period": "Early Winter", "expected_production": "35-60 Ton/Hectre", "seasonal": true, "created_at": null, "created_by": "", "last_updated_at": null, "last_updated_by": "", "delete_status": 0}}, {"model": "farm.vegetable", "pk": 202, "fields": {"name": "Chandrima 60 F1", "vegetable_type": 18, "soil_type": "Doash, Atel", "harvesting_period": "Early Winter", "expected_production": "35-60 Ton/Hectre", "seasonal": true, "created_at": null, "created_by": "", "last_updated_at": null, "last_updated_by": "", "delete_status": 0}}, {"model": "farm.vegetable", "pk": 203, "fields": {"name": "Maghi Benarosi", "vegetable_type": 18, "soil_type": "Doash, Atel", "harvesting_period": "Winter", "expected_production": "35-60 Ton/Hectre", "seasonal": true, "created_at": null, "created_by": "", "last_updated_at": null, "last_updated_by": "", "delete_status": 0}}, {"model": "farm.vegetable", "pk": 204, "fields": {"name": "White Mountain", "vegetable_type": 18, "soil_type": "Doash, Atel", "harvesting_period": "Winter", "expected_production": "35-60 Ton/Hectre", "seasonal": true, "created_at": null, "created_by": "", "last_updated_at": null, "last_updated_by": "", "delete_status": 0}}, {"model": "farm.vegetable", "pk": 205, "fields": {"name": "Bari Fulcopy 1", "vegetable_type": 18, "soil_type": "Doash, Atel", "harvesting_period": "Winter", "expected_production": "50-60 Ton/Hectre", "seasonal": true, "created_at": null, "created_by": "", "last_updated_at": null, "last_updated_by": "", "delete_status": 0}}, {"model": "users.role", "pk": 1, "fields": {"name": "Super Admin", "created_at": "2020-11-25T11:01:21", "created_by": "0", "last_updated_at": "2020-11-25T11:01:29", "last_updated_by": "0"}}, {"model": "users.user", "pk": 1, "fields": {"address": "Narayanganj", "password": "pbkdf2_sha256$216000$HX7hH1MuSiWD$EXaxazj3uJ8jr5K4E+Td+asNMm63vFsjCZekFUa1L/0=", "email": "ridwanmizan@gmail.com", "name": "Md. Ridwan Mizan", "nid": "2848919748", "phone_number": "01739129488", "photo": "", "role": 1, "created_at": "2020-11-25T11:02:43.225", "created_by": "", "last_updated_at": "2020-11-25T11:02:43.225", "last_updated_by": "", "last_login": null}}]