/*
SQLyog Ultimate v11.11 (64 bit)
MySQL - 5.5.5-10.1.38-MariaDB : Database - pksfdb
*********************************************************************
*/

/*!40101 SET NAMES utf8 */;

/*!40101 SET SQL_MODE=''*/;

/*!40014 SET @OLD_UNIQUE_CHECKS=@@UNIQUE_CHECKS, UNIQUE_CHECKS=0 */;
/*!40014 SET @OLD_FOREIGN_KEY_CHECKS=@@FOREIGN_KEY_CHECKS, FOREIGN_KEY_CHECKS=0 */;
/*!40101 SET @OLD_SQL_MODE=@@SQL_MODE, SQL_MODE='NO_AUTO_VALUE_ON_ZERO' */;
/*!40111 SET @OLD_SQL_NOTES=@@SQL_NOTES, SQL_NOTES=0 */;
CREATE DATABASE /*!32312 IF NOT EXISTS*/`pksfdb` /*!40100 DEFAULT CHARACTER SET utf8 */;

/*Data for the table `farm_district` */

insert  into `farm_district`(`id`,`name`,`district_code`,`division_id`) values (1,'Dhaka',NULL,3),(2,'Faridpur',NULL,3),(3,'Gazipur',NULL,3),(4,'Gopalganj',NULL,3),(5,'Jamalpur',NULL,8),(6,'Kishoreganj',NULL,3),(7,'Madaripur',NULL,3),(8,'Manikganj',NULL,3),(9,'Munshiganj',NULL,3),(10,'Mymensingh',NULL,8),(11,'Narayanganj',NULL,3),(12,'Narsingdi',NULL,3),(13,'Netrokona',NULL,8),(14,'Rajbari',NULL,3),(15,'Shariatpur',NULL,3),(16,'Sherpur',NULL,8),(17,'Tangail',NULL,3),(18,'Bogura',NULL,5),(19,'Joypurhat',NULL,5),(20,'Naogaon',NULL,5),(21,'Natore',NULL,5),(22,'ChapaiNawabganj',NULL,5),(23,'Pabna',NULL,5),(24,'Rajshahi',NULL,5),(25,'Sirajganj',NULL,5),(26,'Dinajpur',NULL,6),(27,'Gaibandha',NULL,6),(28,'Kurigram',NULL,6),(29,'Lalmonirhat',NULL,6),(30,'Nilphamari',NULL,6),(31,'Panchagarh',NULL,6),(32,'Rangpur',NULL,6),(33,'Thakurgaon',NULL,6),(34,'Barguna',NULL,1),(35,'Barishal',NULL,1),(36,'Bhola',NULL,1),(37,'Jhalokati',NULL,1),(38,'Patuakhali',NULL,1),(39,'Pirojpur',NULL,1),(40,'Bandarban',NULL,2),(41,'Brahmanbaria',NULL,2),(42,'Chandpur',NULL,2),(43,'Chattogram',NULL,2),(44,'Cumilla',NULL,2),(45,'CoxsBazar',NULL,2),(46,'Feni',NULL,2),(47,'khagrachhari',NULL,2),(48,'Lakshmipur',NULL,2),(49,'Noakhali',NULL,2),(50,'Rangamati',NULL,2),(51,'Habiganj',NULL,7),(52,'Maulvibazar',NULL,7),(53,'Sunamganj',NULL,7),(54,'Sylhet',NULL,7),(55,'Bagerhat',NULL,4),(56,'Chuadanga',NULL,4),(57,'Jashore',NULL,4),(58,'Jhenaidah',NULL,4),(59,'Khulna',NULL,4),(60,'Kushtia',NULL,4),(61,'Magura',NULL,4),(62,'Meherpur',NULL,4),(63,'Narail',NULL,4),(64,'Satkhira',NULL,4);

/*Data for the table `farm_division` */

insert  into `farm_division`(`id`,`name`,`division_code`) values (1,'Barishal',NULL),(2,'Chattogram',NULL),(3,'Dhaka',NULL),(4,'Khulna',NULL),(5,'Rajshahi',NULL),(6,'Rangpur',NULL),(7,'Sylhet',NULL),(8,'Mymensingh',NULL);

/*Data for the table `farm_farmer` */

insert  into `farm_farmer`(`id`,`address`,`crop_list`,`total_land`,`name`,`nid_number`,`photo`,`phone_number`,`secondary_contact`,`post_code`,`permanent_address`,`is_local`,`created_at`,`created_by`,`last_updated_at`,`last_updated_by`,`farmer_district_id`,`farmer_division_id`,`farmer_upazila_id`,`delete_status`) values (1,'N.Ganj 20 Nov2020','Vegetable711',200,'Test Name2','2848919748','iVBORw0KGgoAAAANSUhEUgAAAOEAAADgCAMAAADCMfHtAAAAgVBMVEX////+/v4AAADw8PD6+vozMzMUFBTu7u6IiIjZ2dkfHx/z8/MjIyOioqLd3d0mJiY/Pz9QUFDn5+d5eXnIyMgbGxvR0dGXl5dUVFQ5OTkMDAyurq7AwMDMzMyTk5MqKipgYGBwcHCkpKRFRUW2trZnZ2eLi4vBwcFsbGyAgIB2dnZbFABBAAAJVElEQVR4nO1ciZKjIBAFdXKZOIk5NPc51/7/B64nNgYU1Cjj8KrcHhWwn3T3A1O1CNUGxvTRP6jPMPWqqpVoi59sMy6UPrYDhq0we01IqRmnTUJNhq2lQzex2uKjfmsWqq8WdaE+Q62HDTL8tZkIoWacNgk1GWo9bMwiyv6aLFRfLepCfYZaDxvVQ0TZX5OJEGrGaZNQk6HWwxfpYVvZWBvqq0VdqM9Q62EjDFGhVT4TIdSM0yahJkOthy/SwbaysTbUV4u6UJ+h1sNaDJGUVTYTIdSM0yahJkOthy/Sv7aysTbUV4u6UJ+h1sNKDFEtq1wmQqgZp01CTYJaD1vWw6azsTbUV4u6IOyQqgy1HgoxzDPNX69nO89ECDXjtEmoSVDrYanuvUYPm8rG2vgDeoi0HnadiXWzEP7d10yEUDNOm4SaBLUelmZXO3pYNStrQ+th9+hED5t5dFN6iIotda3iGK/MxKbFU71ZlJ3BUobd2FZXNeqB1MGKh/rI65nsoT6YniNxG42hlpVVC4EkltbDVitqXe2q0qflyqqhoTxKFQFpPVQdjahFt1ZWLXqnhxoaGt2Dp4EoqwjZBVRuhQ9GLUbF48Rd8NB1xo5rJx6WixnzMnYfp4/F9vx2vyxnGwu+jTLLOfDz8bWKsYm8PyZnK6vAW/v46e+MGPPlwUIiDBlzau19A2L9M35B6R2mw0/CM4s8bchzCw29d8ovY+LZFdZVGD3OxhM+nMaXaGY69lt4Zk1TrzkMkTV7dst4P8g+NhjoyhgowIzJsMZqpJDh86rFXbD9+oRJLaD52LqwBzJ2LpNh9dUMZIhzDJ+GQc6E45fxYcutajzeQPxwqDiPpVEK2ztrnl+GsRdnh0D653Hi56HkMjGdxzKGsJs55xP0StzI6SCVzZPzdJD8+UHKMjUI422nelpg4+58hhjqX9Tth+I0eH/PptST00OUZeF05pi26W4i5diawrPEW0EkNvMaMMTPDCkvj4De++no2vZwnCiaV/RYVtgRwdmNyTXnamxykZDFWv56blj2SdRGXC0wqH4jm1zeBBxnDA6FwOmCwdhC5xzyl+XEGAZ33f1oOdonJdZeecvr8vNg5occHk7hja/wxjjuPI76iDMcZwRvwFeER9IEESI1eRB6Ec8HBm8/fdgPcpfgrdpe6uA6XmYkGYCcZfrOdp5lG6S3oB7GoT0iBJfJnWx5mbUrsgB3MtjiaDPCOGW42LyRlr7lZt2CUyJoGO0NeIOk0yjPsEgPsUUKKVuT5RjConW+LL3D2IRTSBgOoD5d6VruWzgpLSfqukGSfBQOJaoWyCED/Iuv27Zp2hEia9oYti/Rw4ORx+ByGpPNBUwJPmbJdoe1kKzAMPPpEV237+vJZDqdRAjsemEVMqSrOmasuoOYPODkvhDDtR0R3HAblDDMVfwsEpyohttvueHmlrgeYsYkRvDHSJxhtMLDyOfeH0npIcmcMA2Dc1mGeXxyvHo8Rek7vVsbZH/+5KZw7V8v0C2hKCX4Rx4Y32IylMF+YDCxohmuH0MTlEp/436RCF8EQY2W5N6/sATaoHGbDFnp6Y6YC/m3IcUwmlOfukk4TKyAIeF7Sca9AYYleki5ldV3NyphLIZ8tWAXIPfxPd8ZeXiQ4Tl6nySko8xyyewHCxiX9HOSR6F11lpCD8GGbhwzzFfDQobcy5Z7PHhLKnvCYCAM4wpN9CBaPtkkMQOGJA3f02GzuJVTiwd4x9EKYLSMkS5X58VqwRIQcgvZx4+MosNneHtiuEr/9skS7laNYab4d4vyPH2JpQxpYDRE5ANleIEkelhrIEOMIcOwjEOGZInmk4FJuMlVGntLPHhQ7z99hGwt/VqvqE3PBo4vzpC0XJMoJZsgKYawKp+phWklhrGmn8jHHQxiKxRy8SjNKs0xKWnZFQGGsESADfDdTVf1wb9pIsjNoRt5ub256TR+ZdKxkWGISJGax5tWsI8VmUNnP9sn+1ILfEicPlI65iFd8EvoYRBo6T5o4I/2h6/HCSy9Jq4EQxhb85Vp2RvgZqkeIiveEy7jl0MtJeejx/F4mF2zMi+hhxjzvpaGuCAphvDjytudUulSPSSb3mS/9GEUYSuuh/inaKCVHEN0zw8AGJZEKVwuhBnnMrc8KZZF7HKXbgXjXEOvJfKw+u4pSH7S9BC7t3leYhFMh2UMIfbccebDPMNitYD6J82QLBdChpFjR+5X/fWYyYSLIycefDd6KTIMn75ikKpVyjD79E4+8zmc7ebdYRPhY8jKxbWXFGTAEMPvFPG6NPWS/AZI/VD3SX4jLFcLD7aMYd0YL39d4RdEjJyfKT3M3SPrDMcYRNj5VjjwLTlN8vBtl9wln8jNWSISg+9ATc/xfeMzZpg0nkf+J3130aYFW164T9mdMHTM3OdK/eLG/rGR4sNMT/N4uvrb6Xpwnvs/t7EF7psJYqGy0tN4itMzk/yKFm5SVoF2byJXbNIZg9bxAsomfeN+w+PjmP0MlT7ePYy+F9vzebv4Hj1ci177SOwPo+1T/K0uXYOXhULufklBy19+Pmd7HiHwzLYs2KyIYdFt3uPLwH0coqygd6VuCbSXHboM3BeZt3KPr/tGBPx+HgIn8QuP34v+M9RQFXXTVrg/omxbVYarh40z7KqOSj5OFIrNo1xTISg2jxJ+910t+s9QQ1W0pofVyrfWQ9X0sBN2kk2FoNg8Svjdd7XoP0MNVdGyHqr4v7doPWRAMZZyTYWgHkNRv/uuFv1nqKEq+q8WLTF8ZtoawzrseFBsHuWaCqGhF6r1sHH0n6GGqtB62LAedvALaR12PCg2j3JNhVAyfx38Qirqd9/Vov8MNVSF1sPG9BAxrdbDJqxcUyEIzl9b8yjhd9/Vov8MNVSF1sPaDJGQ1XpYx8o1FYJi8yjhd9/Vov8MNVSF1sPKDFElq/WwipVrKoSK8/eqeRT3u/dqIcSwO/c0egyth8IM0Uus1kNBtxXTw6Z1Udzvv6uHiD40NJqG1sNShu1YrYclbiuqh03/jz3lfv9NPURaDzVeD62Hiuhhzbqq9VARPaw6j+J+/wU9TP+irmg9VAWiOVC1X75/W7laqTDRnoqW627qaKKH5EAMCw4mQ4bt4MAMC0rfn9BDLNQF5S3rjbKoYNCecc7rl78vZnHOSryOVBFpizFtBcZrMQvRf+AbcaOYWVgEAAAAAElFTkSuQmCC','01551164102','01739129488','1200',NULL,0,'2020-11-09 03:51:07.785760','1','2020-11-09 03:51:07.785760','1',1,3,161,0),(2,'N.Ganj 20 Nov2020','Vegetable711',200,'Md. Ridwan Mizan','2848919748','iVBORw0KGgoAAAANSUhEUgAAAOEAAADgCAMAAADCMfHtAAAAgVBMVEX////+/v4AAADw8PD6+vozMzMUFBTu7u6IiIjZ2dkfHx/z8/MjIyOioqLd3d0mJiY/Pz9QUFDn5+d5eXnIyMgbGxvR0dGXl5dUVFQ5OTkMDAyurq7AwMDMzMyTk5MqKipgYGBwcHCkpKRFRUW2trZnZ2eLi4vBwcFsbGyAgIB2dnZbFABBAAAJVElEQVR4nO1ciZKjIBAFdXKZOIk5NPc51/7/B64nNgYU1Cjj8KrcHhWwn3T3A1O1CNUGxvTRP6jPMPWqqpVoi59sMy6UPrYDhq0we01IqRmnTUJNhq2lQzex2uKjfmsWqq8WdaE+Q62HDTL8tZkIoWacNgk1GWo9bMwiyv6aLFRfLepCfYZaDxvVQ0TZX5OJEGrGaZNQk6HWwxfpYVvZWBvqq0VdqM9Q62EjDFGhVT4TIdSM0yahJkOthy/SwbaysTbUV4u6UJ+h1sNaDJGUVTYTIdSM0yahJkOthy/Sv7aysTbUV4u6UJ+h1sNKDFEtq1wmQqgZp01CTYJaD1vWw6azsTbUV4u6IOyQqgy1HgoxzDPNX69nO89ECDXjtEmoSVDrYanuvUYPm8rG2vgDeoi0HnadiXWzEP7d10yEUDNOm4SaBLUelmZXO3pYNStrQ+th9+hED5t5dFN6iIotda3iGK/MxKbFU71ZlJ3BUobd2FZXNeqB1MGKh/rI65nsoT6YniNxG42hlpVVC4EkltbDVitqXe2q0qflyqqhoTxKFQFpPVQdjahFt1ZWLXqnhxoaGt2Dp4EoqwjZBVRuhQ9GLUbF48Rd8NB1xo5rJx6WixnzMnYfp4/F9vx2vyxnGwu+jTLLOfDz8bWKsYm8PyZnK6vAW/v46e+MGPPlwUIiDBlzau19A2L9M35B6R2mw0/CM4s8bchzCw29d8ovY+LZFdZVGD3OxhM+nMaXaGY69lt4Zk1TrzkMkTV7dst4P8g+NhjoyhgowIzJsMZqpJDh86rFXbD9+oRJLaD52LqwBzJ2LpNh9dUMZIhzDJ+GQc6E45fxYcutajzeQPxwqDiPpVEK2ztrnl+GsRdnh0D653Hi56HkMjGdxzKGsJs55xP0StzI6SCVzZPzdJD8+UHKMjUI422nelpg4+58hhjqX9Tth+I0eH/PptST00OUZeF05pi26W4i5diawrPEW0EkNvMaMMTPDCkvj4De++no2vZwnCiaV/RYVtgRwdmNyTXnamxykZDFWv56blj2SdRGXC0wqH4jm1zeBBxnDA6FwOmCwdhC5xzyl+XEGAZ33f1oOdonJdZeecvr8vNg5occHk7hja/wxjjuPI76iDMcZwRvwFeER9IEESI1eRB6Ec8HBm8/fdgPcpfgrdpe6uA6XmYkGYCcZfrOdp5lG6S3oB7GoT0iBJfJnWx5mbUrsgB3MtjiaDPCOGW42LyRlr7lZt2CUyJoGO0NeIOk0yjPsEgPsUUKKVuT5RjConW+LL3D2IRTSBgOoD5d6VruWzgpLSfqukGSfBQOJaoWyCED/Iuv27Zp2hEia9oYti/Rw4ORx+ByGpPNBUwJPmbJdoe1kKzAMPPpEV237+vJZDqdRAjsemEVMqSrOmasuoOYPODkvhDDtR0R3HAblDDMVfwsEpyohttvueHmlrgeYsYkRvDHSJxhtMLDyOfeH0npIcmcMA2Dc1mGeXxyvHo8Rek7vVsbZH/+5KZw7V8v0C2hKCX4Rx4Y32IylMF+YDCxohmuH0MTlEp/436RCF8EQY2W5N6/sATaoHGbDFnp6Y6YC/m3IcUwmlOfukk4TKyAIeF7Sca9AYYleki5ldV3NyphLIZ8tWAXIPfxPd8ZeXiQ4Tl6nySko8xyyewHCxiX9HOSR6F11lpCD8GGbhwzzFfDQobcy5Z7PHhLKnvCYCAM4wpN9CBaPtkkMQOGJA3f02GzuJVTiwd4x9EKYLSMkS5X58VqwRIQcgvZx4+MosNneHtiuEr/9skS7laNYab4d4vyPH2JpQxpYDRE5ANleIEkelhrIEOMIcOwjEOGZInmk4FJuMlVGntLPHhQ7z99hGwt/VqvqE3PBo4vzpC0XJMoJZsgKYawKp+phWklhrGmn8jHHQxiKxRy8SjNKs0xKWnZFQGGsESADfDdTVf1wb9pIsjNoRt5ub256TR+ZdKxkWGISJGax5tWsI8VmUNnP9sn+1ILfEicPlI65iFd8EvoYRBo6T5o4I/2h6/HCSy9Jq4EQxhb85Vp2RvgZqkeIiveEy7jl0MtJeejx/F4mF2zMi+hhxjzvpaGuCAphvDjytudUulSPSSb3mS/9GEUYSuuh/inaKCVHEN0zw8AGJZEKVwuhBnnMrc8KZZF7HKXbgXjXEOvJfKw+u4pSH7S9BC7t3leYhFMh2UMIfbccebDPMNitYD6J82QLBdChpFjR+5X/fWYyYSLIycefDd6KTIMn75ikKpVyjD79E4+8zmc7ebdYRPhY8jKxbWXFGTAEMPvFPG6NPWS/AZI/VD3SX4jLFcLD7aMYd0YL39d4RdEjJyfKT3M3SPrDMcYRNj5VjjwLTlN8vBtl9wln8jNWSISg+9ATc/xfeMzZpg0nkf+J3130aYFW164T9mdMHTM3OdK/eLG/rGR4sNMT/N4uvrb6Xpwnvs/t7EF7psJYqGy0tN4itMzk/yKFm5SVoF2byJXbNIZg9bxAsomfeN+w+PjmP0MlT7ePYy+F9vzebv4Hj1ci177SOwPo+1T/K0uXYOXhULufklBy19+Pmd7HiHwzLYs2KyIYdFt3uPLwH0coqygd6VuCbSXHboM3BeZt3KPr/tGBPx+HgIn8QuP34v+M9RQFXXTVrg/omxbVYarh40z7KqOSj5OFIrNo1xTISg2jxJ+910t+s9QQ1W0pofVyrfWQ9X0sBN2kk2FoNg8Svjdd7XoP0MNVdGyHqr4v7doPWRAMZZyTYWgHkNRv/uuFv1nqKEq+q8WLTF8ZtoawzrseFBsHuWaCqGhF6r1sHH0n6GGqtB62LAedvALaR12PCg2j3JNhVAyfx38Qirqd9/Vov8MNVSF1sPG9BAxrdbDJqxcUyEIzl9b8yjhd9/Vov8MNVSF1sPaDJGQ1XpYx8o1FYJi8yjhd9/Vov8MNVSF1sPKDFElq/WwipVrKoSK8/eqeRT3u/dqIcSwO/c0egyth8IM0Uus1kNBtxXTw6Z1Udzvv6uHiD40NJqG1sNShu1YrYclbiuqh03/jz3lfv9NPURaDzVeD62Hiuhhzbqq9VARPaw6j+J+/wU9TP+irmg9VAWiOVC1X75/W7laqTDRnoqW627qaKKH5EAMCw4mQ4bt4MAMC0rfn9BDLNQF5S3rjbKoYNCecc7rl78vZnHOSryOVBFpizFtBcZrMQvRf+AbcaOYWVgEAAAAAElFTkSuQmCC','01551164102','01739129488','1200',NULL,0,'2020-11-09 03:52:27.614887','1','2020-11-09 03:52:27.614887','1',1,3,161,1),(3,'N.Ganj 20 Nov2020','Vegetable711',200,'Ridwan Mizan','2848919748','iVBORw0KGgoAAAANSUhEUgAAAOEAAADgCAMAAADCMfHtAAAAgVBMVEX////+/v4AAADw8PD6+vozMzMUFBTu7u6IiIjZ2dkfHx/z8/MjIyOioqLd3d0mJiY/Pz9QUFDn5+d5eXnIyMgbGxvR0dGXl5dUVFQ5OTkMDAyurq7AwMDMzMyTk5MqKipgYGBwcHCkpKRFRUW2trZnZ2eLi4vBwcFsbGyAgIB2dnZbFABBAAAJVElEQVR4nO1ciZKjIBAFdXKZOIk5NPc51/7/B64nNgYU1Cjj8KrcHhWwn3T3A1O1CNUGxvTRP6jPMPWqqpVoi59sMy6UPrYDhq0we01IqRmnTUJNhq2lQzex2uKjfmsWqq8WdaE+Q62HDTL8tZkIoWacNgk1GWo9bMwiyv6aLFRfLepCfYZaDxvVQ0TZX5OJEGrGaZNQk6HWwxfpYVvZWBvqq0VdqM9Q62EjDFGhVT4TIdSM0yahJkOthy/SwbaysTbUV4u6UJ+h1sNaDJGUVTYTIdSM0yahJkOthy/Sv7aysTbUV4u6UJ+h1sNKDFEtq1wmQqgZp01CTYJaD1vWw6azsTbUV4u6IOyQqgy1HgoxzDPNX69nO89ECDXjtEmoSVDrYanuvUYPm8rG2vgDeoi0HnadiXWzEP7d10yEUDNOm4SaBLUelmZXO3pYNStrQ+th9+hED5t5dFN6iIotda3iGK/MxKbFU71ZlJ3BUobd2FZXNeqB1MGKh/rI65nsoT6YniNxG42hlpVVC4EkltbDVitqXe2q0qflyqqhoTxKFQFpPVQdjahFt1ZWLXqnhxoaGt2Dp4EoqwjZBVRuhQ9GLUbF48Rd8NB1xo5rJx6WixnzMnYfp4/F9vx2vyxnGwu+jTLLOfDz8bWKsYm8PyZnK6vAW/v46e+MGPPlwUIiDBlzau19A2L9M35B6R2mw0/CM4s8bchzCw29d8ovY+LZFdZVGD3OxhM+nMaXaGY69lt4Zk1TrzkMkTV7dst4P8g+NhjoyhgowIzJsMZqpJDh86rFXbD9+oRJLaD52LqwBzJ2LpNh9dUMZIhzDJ+GQc6E45fxYcutajzeQPxwqDiPpVEK2ztrnl+GsRdnh0D653Hi56HkMjGdxzKGsJs55xP0StzI6SCVzZPzdJD8+UHKMjUI422nelpg4+58hhjqX9Tth+I0eH/PptST00OUZeF05pi26W4i5diawrPEW0EkNvMaMMTPDCkvj4De++no2vZwnCiaV/RYVtgRwdmNyTXnamxykZDFWv56blj2SdRGXC0wqH4jm1zeBBxnDA6FwOmCwdhC5xzyl+XEGAZ33f1oOdonJdZeecvr8vNg5occHk7hja/wxjjuPI76iDMcZwRvwFeER9IEESI1eRB6Ec8HBm8/fdgPcpfgrdpe6uA6XmYkGYCcZfrOdp5lG6S3oB7GoT0iBJfJnWx5mbUrsgB3MtjiaDPCOGW42LyRlr7lZt2CUyJoGO0NeIOk0yjPsEgPsUUKKVuT5RjConW+LL3D2IRTSBgOoD5d6VruWzgpLSfqukGSfBQOJaoWyCED/Iuv27Zp2hEia9oYti/Rw4ORx+ByGpPNBUwJPmbJdoe1kKzAMPPpEV237+vJZDqdRAjsemEVMqSrOmasuoOYPODkvhDDtR0R3HAblDDMVfwsEpyohttvueHmlrgeYsYkRvDHSJxhtMLDyOfeH0npIcmcMA2Dc1mGeXxyvHo8Rek7vVsbZH/+5KZw7V8v0C2hKCX4Rx4Y32IylMF+YDCxohmuH0MTlEp/436RCF8EQY2W5N6/sATaoHGbDFnp6Y6YC/m3IcUwmlOfukk4TKyAIeF7Sca9AYYleki5ldV3NyphLIZ8tWAXIPfxPd8ZeXiQ4Tl6nySko8xyyewHCxiX9HOSR6F11lpCD8GGbhwzzFfDQobcy5Z7PHhLKnvCYCAM4wpN9CBaPtkkMQOGJA3f02GzuJVTiwd4x9EKYLSMkS5X58VqwRIQcgvZx4+MosNneHtiuEr/9skS7laNYab4d4vyPH2JpQxpYDRE5ANleIEkelhrIEOMIcOwjEOGZInmk4FJuMlVGntLPHhQ7z99hGwt/VqvqE3PBo4vzpC0XJMoJZsgKYawKp+phWklhrGmn8jHHQxiKxRy8SjNKs0xKWnZFQGGsESADfDdTVf1wb9pIsjNoRt5ub256TR+ZdKxkWGISJGax5tWsI8VmUNnP9sn+1ILfEicPlI65iFd8EvoYRBo6T5o4I/2h6/HCSy9Jq4EQxhb85Vp2RvgZqkeIiveEy7jl0MtJeejx/F4mF2zMi+hhxjzvpaGuCAphvDjytudUulSPSSb3mS/9GEUYSuuh/inaKCVHEN0zw8AGJZEKVwuhBnnMrc8KZZF7HKXbgXjXEOvJfKw+u4pSH7S9BC7t3leYhFMh2UMIfbccebDPMNitYD6J82QLBdChpFjR+5X/fWYyYSLIycefDd6KTIMn75ikKpVyjD79E4+8zmc7ebdYRPhY8jKxbWXFGTAEMPvFPG6NPWS/AZI/VD3SX4jLFcLD7aMYd0YL39d4RdEjJyfKT3M3SPrDMcYRNj5VjjwLTlN8vBtl9wln8jNWSISg+9ATc/xfeMzZpg0nkf+J3130aYFW164T9mdMHTM3OdK/eLG/rGR4sNMT/N4uvrb6Xpwnvs/t7EF7psJYqGy0tN4itMzk/yKFm5SVoF2byJXbNIZg9bxAsomfeN+w+PjmP0MlT7ePYy+F9vzebv4Hj1ci177SOwPo+1T/K0uXYOXhULufklBy19+Pmd7HiHwzLYs2KyIYdFt3uPLwH0coqygd6VuCbSXHboM3BeZt3KPr/tGBPx+HgIn8QuP34v+M9RQFXXTVrg/omxbVYarh40z7KqOSj5OFIrNo1xTISg2jxJ+910t+s9QQ1W0pofVyrfWQ9X0sBN2kk2FoNg8Svjdd7XoP0MNVdGyHqr4v7doPWRAMZZyTYWgHkNRv/uuFv1nqKEq+q8WLTF8ZtoawzrseFBsHuWaCqGhF6r1sHH0n6GGqtB62LAedvALaR12PCg2j3JNhVAyfx38Qirqd9/Vov8MNVSF1sPG9BAxrdbDJqxcUyEIzl9b8yjhd9/Vov8MNVSF1sPaDJGQ1XpYx8o1FYJi8yjhd9/Vov8MNVSF1sPKDFElq/WwipVrKoSK8/eqeRT3u/dqIcSwO/c0egyth8IM0Uus1kNBtxXTw6Z1Udzvv6uHiD40NJqG1sNShu1YrYclbiuqh03/jz3lfv9NPURaDzVeD62Hiuhhzbqq9VARPaw6j+J+/wU9TP+irmg9VAWiOVC1X75/W7laqTDRnoqW627qaKKH5EAMCw4mQ4bt4MAMC0rfn9BDLNQF5S3rjbKoYNCecc7rl78vZnHOSryOVBFpizFtBcZrMQvRf+AbcaOYWVgEAAAAAElFTkSuQmCC','01551164102','01739129488','1200',NULL,0,'2020-11-17 18:08:02.603433','1','2020-11-17 18:08:02.603433','1',1,3,161,0);

/*Data for the table `farm_land` */

insert  into `farm_land`(`id`,`longitude`,`latitude`,`area`,`photo`,`soil_type`,`climate_type`,`flood_prone`,`farmer_is_owner`,`status`,`post_code`,`thana`,`is_active`,`created_at`,`created_by`,`last_updated_at`,`last_updated_by`,`land_district_id`,`land_division_id`,`land_upazila_id`,`owner_id`,`comment`) values (1,'92.81','23.50',103,'iVBORw0KGgoAAAANSUhEUgAAAOEAAADgCAMAAADCMfHtAAAAgVBMVEX////+/v4AAADw8PD6+vozMzMUFBTu7u6IiIjZ2dkfHx/z8/MjIyOioqLd3d0mJiY/Pz9QUFDn5+d5eXnIyMgbGxvR0dGXl5dUVFQ5OTkMDAyurq7AwMDMzMyTk5MqKipgYGBwcHCkpKRFRUW2trZnZ2eLi4vBwcFsbGyAgIB2dnZbFABBAAAJVElEQVR4nO1ciZKjIBAFdXKZOIk5NPc51/7/B64nNgYU1Cjj8KrcHhWwn3T3A1O1CNUGxvTRP6jPMPWqqpVoi59sMy6UPrYDhq0we01IqRmnTUJNhq2lQzex2uKjfmsWqq8WdaE+Q62HDTL8tZkIoWacNgk1GWo9bMwiyv6aLFRfLepCfYZaDxvVQ0TZX5OJEGrGaZNQk6HWwxfpYVvZWBvqq0VdqM9Q62EjDFGhVT4TIdSM0yahJkOthy/SwbaysTbUV4u6UJ+h1sNaDJGUVTYTIdSM0yahJkOthy/Sv7aysTbUV4u6UJ+h1sNKDFEtq1wmQqgZp01CTYJaD1vWw6azsTbUV4u6IOyQqgy1HgoxzDPNX69nO89ECDXjtEmoSVDrYanuvUYPm8rG2vgDeoi0HnadiXWzEP7d10yEUDNOm4SaBLUelmZXO3pYNStrQ+th9+hED5t5dFN6iIotda3iGK/MxKbFU71ZlJ3BUobd2FZXNeqB1MGKh/rI65nsoT6YniNxG42hlpVVC4EkltbDVitqXe2q0qflyqqhoTxKFQFpPVQdjahFt1ZWLXqnhxoaGt2Dp4EoqwjZBVRuhQ9GLUbF48Rd8NB1xo5rJx6WixnzMnYfp4/F9vx2vyxnGwu+jTLLOfDz8bWKsYm8PyZnK6vAW/v46e+MGPPlwUIiDBlzau19A2L9M35B6R2mw0/CM4s8bchzCw29d8ovY+LZFdZVGD3OxhM+nMaXaGY69lt4Zk1TrzkMkTV7dst4P8g+NhjoyhgowIzJsMZqpJDh86rFXbD9+oRJLaD52LqwBzJ2LpNh9dUMZIhzDJ+GQc6E45fxYcutajzeQPxwqDiPpVEK2ztrnl+GsRdnh0D653Hi56HkMjGdxzKGsJs55xP0StzI6SCVzZPzdJD8+UHKMjUI422nelpg4+58hhjqX9Tth+I0eH/PptST00OUZeF05pi26W4i5diawrPEW0EkNvMaMMTPDCkvj4De++no2vZwnCiaV/RYVtgRwdmNyTXnamxykZDFWv56blj2SdRGXC0wqH4jm1zeBBxnDA6FwOmCwdhC5xzyl+XEGAZ33f1oOdonJdZeecvr8vNg5occHk7hja/wxjjuPI76iDMcZwRvwFeER9IEESI1eRB6Ec8HBm8/fdgPcpfgrdpe6uA6XmYkGYCcZfrOdp5lG6S3oB7GoT0iBJfJnWx5mbUrsgB3MtjiaDPCOGW42LyRlr7lZt2CUyJoGO0NeIOk0yjPsEgPsUUKKVuT5RjConW+LL3D2IRTSBgOoD5d6VruWzgpLSfqukGSfBQOJaoWyCED/Iuv27Zp2hEia9oYti/Rw4ORx+ByGpPNBUwJPmbJdoe1kKzAMPPpEV237+vJZDqdRAjsemEVMqSrOmasuoOYPODkvhDDtR0R3HAblDDMVfwsEpyohttvueHmlrgeYsYkRvDHSJxhtMLDyOfeH0npIcmcMA2Dc1mGeXxyvHo8Rek7vVsbZH/+5KZw7V8v0C2hKCX4Rx4Y32IylMF+YDCxohmuH0MTlEp/436RCF8EQY2W5N6/sATaoHGbDFnp6Y6YC/m3IcUwmlOfukk4TKyAIeF7Sca9AYYleki5ldV3NyphLIZ8tWAXIPfxPd8ZeXiQ4Tl6nySko8xyyewHCxiX9HOSR6F11lpCD8GGbhwzzFfDQobcy5Z7PHhLKnvCYCAM4wpN9CBaPtkkMQOGJA3f02GzuJVTiwd4x9EKYLSMkS5X58VqwRIQcgvZx4+MosNneHtiuEr/9skS7laNYab4d4vyPH2JpQxpYDRE5ANleIEkelhrIEOMIcOwjEOGZInmk4FJuMlVGntLPHhQ7z99hGwt/VqvqE3PBo4vzpC0XJMoJZsgKYawKp+phWklhrGmn8jHHQxiKxRy8SjNKs0xKWnZFQGGsESADfDdTVf1wb9pIsjNoRt5ub256TR+ZdKxkWGISJGax5tWsI8VmUNnP9sn+1ILfEicPlI65iFd8EvoYRBo6T5o4I/2h6/HCSy9Jq4EQxhb85Vp2RvgZqkeIiveEy7jl0MtJeejx/F4mF2zMi+hhxjzvpaGuCAphvDjytudUulSPSSb3mS/9GEUYSuuh/inaKCVHEN0zw8AGJZEKVwuhBnnMrc8KZZF7HKXbgXjXEOvJfKw+u4pSH7S9BC7t3leYhFMh2UMIfbccebDPMNitYD6J82QLBdChpFjR+5X/fWYyYSLIycefDd6KTIMn75ikKpVyjD79E4+8zmc7ebdYRPhY8jKxbWXFGTAEMPvFPG6NPWS/AZI/VD3SX4jLFcLD7aMYd0YL39d4RdEjJyfKT3M3SPrDMcYRNj5VjjwLTlN8vBtl9wln8jNWSISg+9ATc/xfeMzZpg0nkf+J3130aYFW164T9mdMHTM3OdK/eLG/rGR4sNMT/N4uvrb6Xpwnvs/t7EF7psJYqGy0tN4itMzk/yKFm5SVoF2byJXbNIZg9bxAsomfeN+w+PjmP0MlT7ePYy+F9vzebv4Hj1ci177SOwPo+1T/K0uXYOXhULufklBy19+Pmd7HiHwzLYs2KyIYdFt3uPLwH0coqygd6VuCbSXHboM3BeZt3KPr/tGBPx+HgIn8QuP34v+M9RQFXXTVrg/omxbVYarh40z7KqOSj5OFIrNo1xTISg2jxJ+910t+s9QQ1W0pofVyrfWQ9X0sBN2kk2FoNg8Svjdd7XoP0MNVdGyHqr4v7doPWRAMZZyTYWgHkNRv/uuFv1nqKEq+q8WLTF8ZtoawzrseFBsHuWaCqGhF6r1sHH0n6GGqtB62LAedvALaR12PCg2j3JNhVAyfx38Qirqd9/Vov8MNVSF1sPG9BAxrdbDJqxcUyEIzl9b8yjhd9/Vov8MNVSF1sPaDJGQ1XpYx8o1FYJi8yjhd9/Vov8MNVSF1sPKDFElq/WwipVrKoSK8/eqeRT3u/dqIcSwO/c0egyth8IM0Uus1kNBtxXTw6Z1Udzvv6uHiD40NJqG1sNShu1YrYclbiuqh03/jz3lfv9NPURaDzVeD62Hiuhhzbqq9VARPaw6j+J+/wU9TP+irmg9VAWiOVC1X75/W7laqTDRnoqW627qaKKH5EAMCw4mQ4bt4MAMC0rfn9BDLNQF5S3rjbKoYNCecc7rl78vZnHOSryOVBFpizFtBcZrMQvRf+AbcaOYWVgEAAAAAElFTkSuQmCC','test type','test climate',0,1,'fully occupied','1207','Test Thana',1,'2020-11-09 04:51:49.049460','2','2020-11-09 04:51:49.049460','2',1,3,500,3,NULL),(2,'90.81','23.45',103,'iVBORw0KGgoAAAANSUhEUgAAAOEAAADgCAMAAADCMfHtAAAAgVBMVEX////+/v4AAADw8PD6+vozMzMUFBTu7u6IiIjZ2dkfHx/z','test type','test climate',0,1,'fully occupied','1207','Test Thana',1,'2020-11-09 04:53:17.602047','2','2020-11-09 04:53:17.602047','2',1,3,500,3,NULL),(3,'90.81','23.45',9.754815,'iVBORw0KGgoAAAANSUhEUgAAAOEAAADgCAMAAADCMfHtAAAAgVBMVEX////+/v4AAADw8PD6+vozMzMUFBTu7u6IiIjZ2dkfHx/z8/MjIyOioqLd3d0mJiY/Pz9QUFDn5+d5eXnIyMgbGxvR0dGXl5dUVFQ5OTkMDAyurq7AwMDMzMyTk5MqKipgYGBwcHCkpKRFRUW2trZnZ2eLi4vBwcFsbGyAgIB2dnZbFABBAAAJVElEQVR4nO1ciZKjIBAFdXKZOIk5NPc51/7/B64nNgYU1Cjj8KrcHhWwn3T3A1O1CNUGxvTRP6jPMPWqqpVoi59sMy6UPrYDhq0we01IqRmnTUJNhq2lQzex2uKjfmsWqq8WdaE+Q62HDTL8tZkIoWacNgk1GWo9bMwiyv6aLFRfLepCfYZaDxvVQ0TZX5OJEGrGaZNQk6HWwxfpYVvZWBvqq0VdqM9Q62EjDFGhVT4TIdSM0yahJkOthy/SwbaysTbUV4u6UJ+h1sNaDJGUVTYTIdSM0yahJkOthy/Sv7aysTbUV4u6UJ+h1sNKDFEtq1wmQqgZp01CTYJaD1vWw6azsTbUV4u6IOyQqgy1HgoxzDPNX69nO89ECDXjtEmoSVDrYanuvUYPm8rG2vgDeoi0HnadiXWzEP7d10yEUDNOm4SaBLUelmZXO3pYNStrQ+th9+hED5t5dFN6iIotda3iGK/MxKbFU71ZlJ3BUobd2FZXNeqB1MGKh/rI65nsoT6YniNxG42hlpVVC4EkltbDVitqXe2q0qflyqqhoTxKFQFpPVQdjahFt1ZWLXqnhxoaGt2Dp4EoqwjZBVRuhQ9GLUbF48Rd8NB1xo5rJx6WixnzMnYfp4/F9vx2vyxnGwu+jTLLOfDz8bWKsYm8PyZnK6vAW/v46e+MGPPlwUIiDBlzau19A2L9M35B6R2mw0/CM4s8bchzCw29d8ovY+LZFdZVGD3OxhM+nMaXaGY69lt4Zk1TrzkMkTV7dst4P8g+NhjoyhgowIzJsMZqpJDh86rFXbD9+oRJLaD52LqwBzJ2LpNh9dUMZIhzDJ+GQc6E45fxYcutajzeQPxwqDiPpVEK2ztrnl+GsRdnh0D653Hi56HkMjGdxzKGsJs55xP0StzI6SCVzZPzdJD8+UHKMjUI422nelpg4+58hhjqX9Tth+I0eH/PptST00OUZeF05pi26W4i5diawrPEW0EkNvMaMMTPDCkvj4De++no2vZwnCiaV/RYVtgRwdmNyTXnamxykZDFWv56blj2SdRGXC0wqH4jm1zeBBxnDA6FwOmCwdhC5xzyl+XEGAZ33f1oOdonJdZeecvr8vNg5occHk7hja/wxjjuPI76iDMcZwRvwFeER9IEESI1eRB6Ec8HBm8/fdgPcpfgrdpe6uA6XmYkGYCcZfrOdp5lG6S3oB7GoT0iBJfJnWx5mbUrsgB3MtjiaDPCOGW42LyRlr7lZt2CUyJoGO0NeIOk0yjPsEgPsUUKKVuT5RjConW+LL3D2IRTSBgOoD5d6VruWzgpLSfqukGSfBQOJaoWyCED/Iuv27Zp2hEia9oYti/Rw4ORx+ByGpPNBUwJPmbJdoe1kKzAMPPpEV237+vJZDqdRAjsemEVMqSrOmasuoOYPODkvhDDtR0R3HAblDDMVfwsEpyohttvueHmlrgeYsYkRvDHSJxhtMLDyOfeH0npIcmcMA2Dc1mGeXxyvHo8Rek7vVsbZH/+5KZw7V8v0C2hKCX4Rx4Y32IylMF+YDCxohmuH0MTlEp/436RCF8EQY2W5N6/sATaoHGbDFnp6Y6YC/m3IcUwmlOfukk4TKyAIeF7Sca9AYYleki5ldV3NyphLIZ8tWAXIPfxPd8ZeXiQ4Tl6nySko8xyyewHCxiX9HOSR6F11lpCD8GGbhwzzFfDQobcy5Z7PHhLKnvCYCAM4wpN9CBaPtkkMQOGJA3f02GzuJVTiwd4x9EKYLSMkS5X58VqwRIQcgvZx4+MosNneHtiuEr/9skS7laNYab4d4vyPH2JpQxpYDRE5ANleIEkelhrIEOMIcOwjEOGZInmk4FJuMlVGntLPHhQ7z99hGwt/VqvqE3PBo4vzpC0XJMoJZsgKYawKp+phWklhrGmn8jHHQxiKxRy8SjNKs0xKWnZFQGGsESADfDdTVf1wb9pIsjNoRt5ub256TR+ZdKxkWGISJGax5tWsI8VmUNnP9sn+1ILfEicPlI65iFd8EvoYRBo6T5o4I/2h6/HCSy9Jq4EQxhb85Vp2RvgZqkeIiveEy7jl0MtJeejx/F4mF2zMi+hhxjzvpaGuCAphvDjytudUulSPSSb3mS/9GEUYSuuh/inaKCVHEN0zw8AGJZEKVwuhBnnMrc8KZZF7HKXbgXjXEOvJfKw+u4pSH7S9BC7t3leYhFMh2UMIfbccebDPMNitYD6J82QLBdChpFjR+5X/fWYyYSLIycefDd6KTIMn75ikKpVyjD79E4+8zmc7ebdYRPhY8jKxbWXFGTAEMPvFPG6NPWS/AZI/VD3SX4jLFcLD7aMYd0YL39d4RdEjJyfKT3M3SPrDMcYRNj5VjjwLTlN8vBtl9wln8jNWSISg+9ATc/xfeMzZpg0nkf+J3130aYFW164T9mdMHTM3OdK/eLG/rGR4sNMT/N4uvrb6Xpwnvs/t7EF7psJYqGy0tN4itMzk/yKFm5SVoF2byJXbNIZg9bxAsomfeN+w+PjmP0MlT7ePYy+F9vzebv4Hj1ci177SOwPo+1T/K0uXYOXhULufklBy19+Pmd7HiHwzLYs2KyIYdFt3uPLwH0coqygd6VuCbSXHboM3BeZt3KPr/tGBPx+HgIn8QuP34v+M9RQFXXTVrg/omxbVYarh40z7KqOSj5OFIrNo1xTISg2jxJ+910t+s9QQ1W0pofVyrfWQ9X0sBN2kk2FoNg8Svjdd7XoP0MNVdGyHqr4v7doPWRAMZZyTYWgHkNRv/uuFv1nqKEq+q8WLTF8ZtoawzrseFBsHuWaCqGhF6r1sHH0n6GGqtB62LAedvALaR12PCg2j3JNhVAyfx38Qirqd9/Vov8MNVSF1sPG9BAxrdbDJqxcUyEIzl9b8yjhd9/Vov8MNVSF1sPaDJGQ1XpYx8o1FYJi8yjhd9/Vov8MNVSF1sPKDFElq/WwipVrKoSK8/eqeRT3u/dqIcSwO/c0egyth8IM0Uus1kNBtxXTw6Z1Udzvv6uHiD40NJqG1sNShu1YrYclbiuqh03/jz3lfv9NPURaDzVeD62Hiuhhzbqq9VARPaw6j+J+/wU9TP+irmg9VAWiOVC1X75/W7laqTDRnoqW627qaKKH5EAMCw4mQ4bt4MAMC0rfn9BDLNQF5S3rjbKoYNCecc7rl78vZnHOSryOVBFpizFtBcZrMQvRf+AbcaOYWVgEAAAAAElFTkSuQmCC','test type','test climate',0,1,'empty','1207','Test Thana',1,'2020-11-09 04:56:08.171990','2','2020-11-09 04:56:08.171990','2',1,3,500,3,NULL),(4,'90.81','23.45',103,'iVBORw0KGgoAAAANSUhEUgAAAOEAAADgCAMAAADCMfHtAAAAgVBMVEX////+/v4AAADw8PD6+vozMzMUFBTu7u6IiIjZ2dkfHx/z','test type','test climate',0,1,'empty','1207','Test Thana',1,'2020-11-09 08:00:52.666186','2','2020-11-09 08:00:52.666186','2',1,3,500,3,NULL),(5,'90.81','23.45',103,'iVBORw0KGgoAAAANSUhEUgAAAOEAAADgCAMAAADCMfHtAAAAgVBMVEX////+/v4AAADw8PD6+vozMzMUFBTu7u6IiIjZ2dkfHx/z','test type','test climate',0,1,'empty','1207','Test Thana',0,'2020-11-09 08:02:38.319972','2','2020-11-09 08:02:38.319972','2',1,3,500,3,NULL),(6,'90.81','23.45',103,'iVBORw0KGgoAAAANSUhEUgAAAOEAAADgCAMAAADCMfHtAAAAgVBMVEX////+/v4AAADw8PD6+vozMzMUFBTu7u6IiIjZ2dkfHx/z','test type','test climate',0,1,'empty','1207','Test Thana',1,'2020-11-09 08:03:11.994623','2','2020-11-09 08:03:11.994623','2',1,3,500,3,NULL),(7,'90.81','23.45',103,'iVBORw0KGgoAAAANSUhEUgAAAOEAAADgCAMAAADCMfHtAAAAgVBMVEX////+/v4AAADw8PD6+vozMzMUFBTu7u6IiIjZ2dkfHx/z','test type','test climate',0,1,'empty','1207','Test Thana',1,'2020-11-09 08:04:01.715310','2','2020-11-09 08:04:01.715310','2',1,3,500,3,NULL),(8,'90.81','23.45',103,'iVBORw0KGgoAAAANSUhEUgAAAOEAAADgCAMAAADCMfHtAAAAgVBMVEX////+/v4AAADw8PD6+vozMzMUFBTu7u6IiIjZ2dkfHx/z','test type','test climate',0,1,'empty','1207','Test Thana',1,'2020-11-09 08:06:13.027647','2','2020-11-09 08:06:13.027647','2',1,3,500,3,NULL),(9,'90.81','23.45',103,'iVBORw0KGgoAAAANSUhEUgAAAOEAAADgCAMAAADCMfHtAAAAgVBMVEX////+/v4AAADw8PD6+vozMzMUFBTu7u6IiIjZ2dkfHx/z','test type','test climate',0,1,'empty','1207','Test Thana',0,'2020-11-09 08:07:05.222334','2','2020-11-09 08:07:05.222334','2',1,3,500,3,NULL),(10,'90.81','23.45',103,'iVBORw0KGgoAAAANSUhEUgAAAOEAAADgCAMAAADCMfHtAAAAgVBMVEX////+/v4AAADw8PD6+vozMzMUFBTu7u6IiIjZ2dkfHx/z','test type','test climate',0,1,'empty','1207','Test Thana',0,'2020-11-09 08:10:15.764298','2','2020-11-09 08:10:15.764298','2',1,3,500,3,NULL),(11,'90.81','23.45',103,'iVBORw0KGgoAAAANSUhEUgAAAOEAAADgCAMAAADCMfHtAAAAgVBMVEX////+/v4AAADw8PD6+vozMzMUFBTu7u6IiIjZ2dkfHx/z','test type','test climate',0,1,'empty','1207','Test Thana',0,'2020-11-09 08:12:25.904114','2','2020-11-09 08:12:25.904114','2',1,3,500,3,NULL),(12,'90.81','23.45',103,'iVBORw0KGgoAAAANSUhEUgAAAOEAAADgCAMAAADCMfHtAAAAgVBMVEX////+/v4AAADw8PD6+vozMzMUFBTu7u6IiIjZ2dkfHx/z','test type','test climate',0,1,'empty','1207','Test Thana',0,'2020-11-09 08:16:49.768005','2','2020-11-09 08:16:49.768005','2',1,3,500,3,NULL),(13,'90.81','23.45',103,'iVBORw0KGgoAAAANSUhEUgAAAOEAAADgCAMAAADCMfHtAAAAgVBMVEX////+/v4AAADw8PD6+vozMzMUFBTu7u6IiIjZ2dkfHx/z','test type','test climate',0,1,'empty','1207','Test Thana',0,'2020-11-09 09:15:54.936940','2','2020-11-09 09:15:54.936940','2',1,3,500,3,NULL),(14,'90.81','23.45',9.569009,'iVBORw0KGgoAAAANSUhEUgAAAOEAAADgCAMAAADCMfHtAAAAgVBMVEX////+/v4AAADw8PD6+vozMzMUFBTu7u6IiIjZ2dkfHx/z8/MjIyOioqLd3d0mJiY/Pz9QUFDn5+d5eXnIyMgbGxvR0dGXl5dUVFQ5OTkMDAyurq7AwMDMzMyTk5MqKipgYGBwcHCkpKRFRUW2trZnZ2eLi4vBwcFsbGyAgIB2dnZbFABBAAAJVElEQVR4nO1ciZKjIBAFdXKZOIk5NPc51/7/B64nNgYU1Cjj8KrcHhWwn3T3A1O1CNUGxvTRP6jPMPWqqpVoi59sMy6UPrYDhq0we01IqRmnTUJNhq2lQzex2uKjfmsWqq8WdaE+Q62HDTL8tZkIoWacNgk1GWo9bMwiyv6aLFRfLepCfYZaDxvVQ0TZX5OJEGrGaZNQk6HWwxfpYVvZWBvqq0VdqM9Q62EjDFGhVT4TIdSM0yahJkOthy/SwbaysTbUV4u6UJ+h1sNaDJGUVTYTIdSM0yahJkOthy/Sv7aysTbUV4u6UJ+h1sNKDFEtq1wmQqgZp01CTYJaD1vWw6azsTbUV4u6IOyQqgy1HgoxzDPNX69nO89ECDXjtEmoSVDrYanuvUYPm8rG2vgDeoi0HnadiXWzEP7d10yEUDNOm4SaBLUelmZXO3pYNStrQ+th9+hED5t5dFN6iIotda3iGK/MxKbFU71ZlJ3BUobd2FZXNeqB1MGKh/rI65nsoT6YniNxG42hlpVVC4EkltbDVitqXe2q0qflyqqhoTxKFQFpPVQdjahFt1ZWLXqnhxoaGt2Dp4EoqwjZBVRuhQ9GLUbF48Rd8NB1xo5rJx6WixnzMnYfp4/F9vx2vyxnGwu+jTLLOfDz8bWKsYm8PyZnK6vAW/v46e+MGPPlwUIiDBlzau19A2L9M35B6R2mw0/CM4s8bchzCw29d8ovY+LZFdZVGD3OxhM+nMaXaGY69lt4Zk1TrzkMkTV7dst4P8g+NhjoyhgowIzJsMZqpJDh86rFXbD9+oRJLaD52LqwBzJ2LpNh9dUMZIhzDJ+GQc6E45fxYcutajzeQPxwqDiPpVEK2ztrnl+GsRdnh0D653Hi56HkMjGdxzKGsJs55xP0StzI6SCVzZPzdJD8+UHKMjUI422nelpg4+58hhjqX9Tth+I0eH/PptST00OUZeF05pi26W4i5diawrPEW0EkNvMaMMTPDCkvj4De++no2vZwnCiaV/RYVtgRwdmNyTXnamxykZDFWv56blj2SdRGXC0wqH4jm1zeBBxnDA6FwOmCwdhC5xzyl+XEGAZ33f1oOdonJdZeecvr8vNg5occHk7hja/wxjjuPI76iDMcZwRvwFeER9IEESI1eRB6Ec8HBm8/fdgPcpfgrdpe6uA6XmYkGYCcZfrOdp5lG6S3oB7GoT0iBJfJnWx5mbUrsgB3MtjiaDPCOGW42LyRlr7lZt2CUyJoGO0NeIOk0yjPsEgPsUUKKVuT5RjConW+LL3D2IRTSBgOoD5d6VruWzgpLSfqukGSfBQOJaoWyCED/Iuv27Zp2hEia9oYti/Rw4ORx+ByGpPNBUwJPmbJdoe1kKzAMPPpEV237+vJZDqdRAjsemEVMqSrOmasuoOYPODkvhDDtR0R3HAblDDMVfwsEpyohttvueHmlrgeYsYkRvDHSJxhtMLDyOfeH0npIcmcMA2Dc1mGeXxyvHo8Rek7vVsbZH/+5KZw7V8v0C2hKCX4Rx4Y32IylMF+YDCxohmuH0MTlEp/436RCF8EQY2W5N6/sATaoHGbDFnp6Y6YC/m3IcUwmlOfukk4TKyAIeF7Sca9AYYleki5ldV3NyphLIZ8tWAXIPfxPd8ZeXiQ4Tl6nySko8xyyewHCxiX9HOSR6F11lpCD8GGbhwzzFfDQobcy5Z7PHhLKnvCYCAM4wpN9CBaPtkkMQOGJA3f02GzuJVTiwd4x9EKYLSMkS5X58VqwRIQcgvZx4+MosNneHtiuEr/9skS7laNYab4d4vyPH2JpQxpYDRE5ANleIEkelhrIEOMIcOwjEOGZInmk4FJuMlVGntLPHhQ7z99hGwt/VqvqE3PBo4vzpC0XJMoJZsgKYawKp+phWklhrGmn8jHHQxiKxRy8SjNKs0xKWnZFQGGsESADfDdTVf1wb9pIsjNoRt5ub256TR+ZdKxkWGISJGax5tWsI8VmUNnP9sn+1ILfEicPlI65iFd8EvoYRBo6T5o4I/2h6/HCSy9Jq4EQxhb85Vp2RvgZqkeIiveEy7jl0MtJeejx/F4mF2zMi+hhxjzvpaGuCAphvDjytudUulSPSSb3mS/9GEUYSuuh/inaKCVHEN0zw8AGJZEKVwuhBnnMrc8KZZF7HKXbgXjXEOvJfKw+u4pSH7S9BC7t3leYhFMh2UMIfbccebDPMNitYD6J82QLBdChpFjR+5X/fWYyYSLIycefDd6KTIMn75ikKpVyjD79E4+8zmc7ebdYRPhY8jKxbWXFGTAEMPvFPG6NPWS/AZI/VD3SX4jLFcLD7aMYd0YL39d4RdEjJyfKT3M3SPrDMcYRNj5VjjwLTlN8vBtl9wln8jNWSISg+9ATc/xfeMzZpg0nkf+J3130aYFW164T9mdMHTM3OdK/eLG/rGR4sNMT/N4uvrb6Xpwnvs/t7EF7psJYqGy0tN4itMzk/yKFm5SVoF2byJXbNIZg9bxAsomfeN+w+PjmP0MlT7ePYy+F9vzebv4Hj1ci177SOwPo+1T/K0uXYOXhULufklBy19+Pmd7HiHwzLYs2KyIYdFt3uPLwH0coqygd6VuCbSXHboM3BeZt3KPr/tGBPx+HgIn8QuP34v+M9RQFXXTVrg/omxbVYarh40z7KqOSj5OFIrNo1xTISg2jxJ+910t+s9QQ1W0pofVyrfWQ9X0sBN2kk2FoNg8Svjdd7XoP0MNVdGyHqr4v7doPWRAMZZyTYWgHkNRv/uuFv1nqKEq+q8WLTF8ZtoawzrseFBsHuWaCqGhF6r1sHH0n6GGqtB62LAedvALaR12PCg2j3JNhVAyfx38Qirqd9/Vov8MNVSF1sPG9BAxrdbDJqxcUyEIzl9b8yjhd9/Vov8MNVSF1sPaDJGQ1XpYx8o1FYJi8yjhd9/Vov8MNVSF1sPKDFElq/WwipVrKoSK8/eqeRT3u/dqIcSwO/c0egyth8IM0Uus1kNBtxXTw6Z1Udzvv6uHiD40NJqG1sNShu1YrYclbiuqh03/jz3lfv9NPURaDzVeD62Hiuhhzbqq9VARPaw6j+J+/wU9TP+irmg9VAWiOVC1X75/W7laqTDRnoqW627qaKKH5EAMCw4mQ4bt4MAMC0rfn9BDLNQF5S3rjbKoYNCecc7rl78vZnHOSryOVBFpizFtBcZrMQvRf+AbcaOYWVgEAAAAAElFTkSuQmCC','test type','test climate',0,1,'empty','1207','Test Thana',1,'2020-11-09 09:19:25.804846','2','2020-11-09 09:19:25.804846','2',1,3,500,3,NULL),(15,'90.81','23.45',416826.58,'iVBORw0KGgoAAAANSUhEUgAAAOEAAADgCAMAAADCMfHtAAAAgVBMVEX////+/v4AAADw8PD6+vozMzMUFBTu7u6IiIjZ2dkfHx/z8/MjIyOioqLd3d0mJiY/Pz9QUFDn5+d5eXnIyMgbGxvR0dGXl5dUVFQ5OTkMDAyurq7AwMDMzMyTk5MqKipgYGBwcHCkpKRFRUW2trZnZ2eLi4vBwcFsbGyAgIB2dnZbFABBAAAJVElEQVR4nO1ciZKjIBAFdXKZOIk5NPc51/7/B64nNgYU1Cjj8KrcHhWwn3T3A1O1CNUGxvTRP6jPMPWqqpVoi59sMy6UPrYDhq0we01IqRmnTUJNhq2lQzex2uKjfmsWqq8WdaE+Q62HDTL8tZkIoWacNgk1GWo9bMwiyv6aLFRfLepCfYZaDxvVQ0TZX5OJEGrGaZNQk6HWwxfpYVvZWBvqq0VdqM9Q62EjDFGhVT4TIdSM0yahJkOthy/SwbaysTbUV4u6UJ+h1sNaDJGUVTYTIdSM0yahJkOthy/Sv7aysTbUV4u6UJ+h1sNKDFEtq1wmQqgZp01CTYJaD1vWw6azsTbUV4u6IOyQqgy1HgoxzDPNX69nO89ECDXjtEmoSVDrYanuvUYPm8rG2vgDeoi0HnadiXWzEP7d10yEUDNOm4SaBLUelmZXO3pYNStrQ+th9+hED5t5dFN6iIotda3iGK/MxKbFU71ZlJ3BUobd2FZXNeqB1MGKh/rI65nsoT6YniNxG42hlpVVC4EkltbDVitqXe2q0qflyqqhoTxKFQFpPVQdjahFt1ZWLXqnhxoaGt2Dp4EoqwjZBVRuhQ9GLUbF48Rd8NB1xo5rJx6WixnzMnYfp4/F9vx2vyxnGwu+jTLLOfDz8bWKsYm8PyZnK6vAW/v46e+MGPPlwUIiDBlzau19A2L9M35B6R2mw0/CM4s8bchzCw29d8ovY+LZFdZVGD3OxhM+nMaXaGY69lt4Zk1TrzkMkTV7dst4P8g+NhjoyhgowIzJsMZqpJDh86rFXbD9+oRJLaD52LqwBzJ2LpNh9dUMZIhzDJ+GQc6E45fxYcutajzeQPxwqDiPpVEK2ztrnl+GsRdnh0D653Hi56HkMjGdxzKGsJs55xP0StzI6SCVzZPzdJD8+UHKMjUI422nelpg4+58hhjqX9Tth+I0eH/PptST00OUZeF05pi26W4i5diawrPEW0EkNvMaMMTPDCkvj4De++no2vZwnCiaV/RYVtgRwdmNyTXnamxykZDFWv56blj2SdRGXC0wqH4jm1zeBBxnDA6FwOmCwdhC5xzyl+XEGAZ33f1oOdonJdZeecvr8vNg5occHk7hja/wxjjuPI76iDMcZwRvwFeER9IEESI1eRB6Ec8HBm8/fdgPcpfgrdpe6uA6XmYkGYCcZfrOdp5lG6S3oB7GoT0iBJfJnWx5mbUrsgB3MtjiaDPCOGW42LyRlr7lZt2CUyJoGO0NeIOk0yjPsEgPsUUKKVuT5RjConW+LL3D2IRTSBgOoD5d6VruWzgpLSfqukGSfBQOJaoWyCED/Iuv27Zp2hEia9oYti/Rw4ORx+ByGpPNBUwJPmbJdoe1kKzAMPPpEV237+vJZDqdRAjsemEVMqSrOmasuoOYPODkvhDDtR0R3HAblDDMVfwsEpyohttvueHmlrgeYsYkRvDHSJxhtMLDyOfeH0npIcmcMA2Dc1mGeXxyvHo8Rek7vVsbZH/+5KZw7V8v0C2hKCX4Rx4Y32IylMF+YDCxohmuH0MTlEp/436RCF8EQY2W5N6/sATaoHGbDFnp6Y6YC/m3IcUwmlOfukk4TKyAIeF7Sca9AYYleki5ldV3NyphLIZ8tWAXIPfxPd8ZeXiQ4Tl6nySko8xyyewHCxiX9HOSR6F11lpCD8GGbhwzzFfDQobcy5Z7PHhLKnvCYCAM4wpN9CBaPtkkMQOGJA3f02GzuJVTiwd4x9EKYLSMkS5X58VqwRIQcgvZx4+MosNneHtiuEr/9skS7laNYab4d4vyPH2JpQxpYDRE5ANleIEkelhrIEOMIcOwjEOGZInmk4FJuMlVGntLPHhQ7z99hGwt/VqvqE3PBo4vzpC0XJMoJZsgKYawKp+phWklhrGmn8jHHQxiKxRy8SjNKs0xKWnZFQGGsESADfDdTVf1wb9pIsjNoRt5ub256TR+ZdKxkWGISJGax5tWsI8VmUNnP9sn+1ILfEicPlI65iFd8EvoYRBo6T5o4I/2h6/HCSy9Jq4EQxhb85Vp2RvgZqkeIiveEy7jl0MtJeejx/F4mF2zMi+hhxjzvpaGuCAphvDjytudUulSPSSb3mS/9GEUYSuuh/inaKCVHEN0zw8AGJZEKVwuhBnnMrc8KZZF7HKXbgXjXEOvJfKw+u4pSH7S9BC7t3leYhFMh2UMIfbccebDPMNitYD6J82QLBdChpFjR+5X/fWYyYSLIycefDd6KTIMn75ikKpVyjD79E4+8zmc7ebdYRPhY8jKxbWXFGTAEMPvFPG6NPWS/AZI/VD3SX4jLFcLD7aMYd0YL39d4RdEjJyfKT3M3SPrDMcYRNj5VjjwLTlN8vBtl9wln8jNWSISg+9ATc/xfeMzZpg0nkf+J3130aYFW164T9mdMHTM3OdK/eLG/rGR4sNMT/N4uvrb6Xpwnvs/t7EF7psJYqGy0tN4itMzk/yKFm5SVoF2byJXbNIZg9bxAsomfeN+w+PjmP0MlT7ePYy+F9vzebv4Hj1ci177SOwPo+1T/K0uXYOXhULufklBy19+Pmd7HiHwzLYs2KyIYdFt3uPLwH0coqygd6VuCbSXHboM3BeZt3KPr/tGBPx+HgIn8QuP34v+M9RQFXXTVrg/omxbVYarh40z7KqOSj5OFIrNo1xTISg2jxJ+910t+s9QQ1W0pofVyrfWQ9X0sBN2kk2FoNg8Svjdd7XoP0MNVdGyHqr4v7doPWRAMZZyTYWgHkNRv/uuFv1nqKEq+q8WLTF8ZtoawzrseFBsHuWaCqGhF6r1sHH0n6GGqtB62LAedvALaR12PCg2j3JNhVAyfx38Qirqd9/Vov8MNVSF1sPG9BAxrdbDJqxcUyEIzl9b8yjhd9/Vov8MNVSF1sPaDJGQ1XpYx8o1FYJi8yjhd9/Vov8MNVSF1sPKDFElq/WwipVrKoSK8/eqeRT3u/dqIcSwO/c0egyth8IM0Uus1kNBtxXTw6Z1Udzvv6uHiD40NJqG1sNShu1YrYclbiuqh03/jz3lfv9NPURaDzVeD62Hiuhhzbqq9VARPaw6j+J+/wU9TP+irmg9VAWiOVC1X75/W7laqTDRnoqW627qaKKH5EAMCw4mQ4bt4MAMC0rfn9BDLNQF5S3rjbKoYNCecc7rl78vZnHOSryOVBFpizFtBcZrMQvRf+AbcaOYWVgEAAAAAElFTkSuQmCC','test type','test climate',0,1,'empty','1207','Test Thana',1,'2020-11-09 09:21:20.386922','2','2020-11-09 09:21:20.386922','2',1,3,500,3,NULL),(16,'90.81','23.45',103,'iVBORw0KGgoAAAANSUhEUgAAAOEAAADgCAMAAADCMfHtAAAAgVBMVEX////+/v4AAADw8PD6+vozMzMUFBTu7u6IiIjZ2dkfHx/z8/MjIyOioqLd3d0mJiY/Pz9QUFDn5+d5eXnIyMgbGxvR0dGXl5dUVFQ5OTkMDAyurq7AwMDMzMyTk5MqKipgYGBwcHCkpKRFRUW2trZnZ2eLi4vBwcFsbGyAgIB2dnZbFABBAAAJVElEQVR4nO1ciZKjIBAFdXKZOIk5NPc51/7/B64nNgYU1Cjj8KrcHhWwn3T3A1O1CNUGxvTRP6jPMPWqqpVoi59sMy6UPrYDhq0we01IqRmnTUJNhq2lQzex2uKjfmsWqq8WdaE+Q62HDTL8tZkIoWacNgk1GWo9bMwiyv6aLFRfLepCfYZaDxvVQ0TZX5OJEGrGaZNQk6HWwxfpYVvZWBvqq0VdqM9Q62EjDFGhVT4TIdSM0yahJkOthy/SwbaysTbUV4u6UJ+h1sNaDJGUVTYTIdSM0yahJkOthy/Sv7aysTbUV4u6UJ+h1sNKDFEtq1wmQqgZp01CTYJaD1vWw6azsTbUV4u6IOyQqgy1HgoxzDPNX69nO89ECDXjtEmoSVDrYanuvUYPm8rG2vgDeoi0HnadiXWzEP7d10yEUDNOm4SaBLUelmZXO3pYNStrQ+th9+hED5t5dFN6iIotda3iGK/MxKbFU71ZlJ3BUobd2FZXNeqB1MGKh/rI65nsoT6YniNxG42hlpVVC4EkltbDVitqXe2q0qflyqqhoTxKFQFpPVQdjahFt1ZWLXqnhxoaGt2Dp4EoqwjZBVRuhQ9GLUbF48Rd8NB1xo5rJx6WixnzMnYfp4/F9vx2vyxnGwu+jTLLOfDz8bWKsYm8PyZnK6vAW/v46e+MGPPlwUIiDBlzau19A2L9M35B6R2mw0/CM4s8bchzCw29d8ovY+LZFdZVGD3OxhM+nMaXaGY69lt4Zk1TrzkMkTV7dst4P8g+NhjoyhgowIzJsMZqpJDh86rFXbD9+oRJLaD52LqwBzJ2LpNh9dUMZIhzDJ+GQc6E45fxYcutajzeQPxwqDiPpVEK2ztrnl+GsRdnh0D653Hi56HkMjGdxzKGsJs55xP0StzI6SCVzZPzdJD8+UHKMjUI422nelpg4+58hhjqX9Tth+I0eH/PptST00OUZeF05pi26W4i5diawrPEW0EkNvMaMMTPDCkvj4De++no2vZwnCiaV/RYVtgRwdmNyTXnamxykZDFWv56blj2SdRGXC0wqH4jm1zeBBxnDA6FwOmCwdhC5xzyl+XEGAZ33f1oOdonJdZeecvr8vNg5occHk7hja/wxjjuPI76iDMcZwRvwFeER9IEESI1eRB6Ec8HBm8/fdgPcpfgrdpe6uA6XmYkGYCcZfrOdp5lG6S3oB7GoT0iBJfJnWx5mbUrsgB3MtjiaDPCOGW42LyRlr7lZt2CUyJoGO0NeIOk0yjPsEgPsUUKKVuT5RjConW+LL3D2IRTSBgOoD5d6VruWzgpLSfqukGSfBQOJaoWyCED/Iuv27Zp2hEia9oYti/Rw4ORx+ByGpPNBUwJPmbJdoe1kKzAMPPpEV237+vJZDqdRAjsemEVMqSrOmasuoOYPODkvhDDtR0R3HAblDDMVfwsEpyohttvueHmlrgeYsYkRvDHSJxhtMLDyOfeH0npIcmcMA2Dc1mGeXxyvHo8Rek7vVsbZH/+5KZw7V8v0C2hKCX4Rx4Y32IylMF+YDCxohmuH0MTlEp/436RCF8EQY2W5N6/sATaoHGbDFnp6Y6YC/m3IcUwmlOfukk4TKyAIeF7Sca9AYYleki5ldV3NyphLIZ8tWAXIPfxPd8ZeXiQ4Tl6nySko8xyyewHCxiX9HOSR6F11lpCD8GGbhwzzFfDQobcy5Z7PHhLKnvCYCAM4wpN9CBaPtkkMQOGJA3f02GzuJVTiwd4x9EKYLSMkS5X58VqwRIQcgvZx4+MosNneHtiuEr/9skS7laNYab4d4vyPH2JpQxpYDRE5ANleIEkelhrIEOMIcOwjEOGZInmk4FJuMlVGntLPHhQ7z99hGwt/VqvqE3PBo4vzpC0XJMoJZsgKYawKp+phWklhrGmn8jHHQxiKxRy8SjNKs0xKWnZFQGGsESADfDdTVf1wb9pIsjNoRt5ub256TR+ZdKxkWGISJGax5tWsI8VmUNnP9sn+1ILfEicPlI65iFd8EvoYRBo6T5o4I/2h6/HCSy9Jq4EQxhb85Vp2RvgZqkeIiveEy7jl0MtJeejx/F4mF2zMi+hhxjzvpaGuCAphvDjytudUulSPSSb3mS/9GEUYSuuh/inaKCVHEN0zw8AGJZEKVwuhBnnMrc8KZZF7HKXbgXjXEOvJfKw+u4pSH7S9BC7t3leYhFMh2UMIfbccebDPMNitYD6J82QLBdChpFjR+5X/fWYyYSLIycefDd6KTIMn75ikKpVyjD79E4+8zmc7ebdYRPhY8jKxbWXFGTAEMPvFPG6NPWS/AZI/VD3SX4jLFcLD7aMYd0YL39d4RdEjJyfKT3M3SPrDMcYRNj5VjjwLTlN8vBtl9wln8jNWSISg+9ATc/xfeMzZpg0nkf+J3130aYFW164T9mdMHTM3OdK/eLG/rGR4sNMT/N4uvrb6Xpwnvs/t7EF7psJYqGy0tN4itMzk/yKFm5SVoF2byJXbNIZg9bxAsomfeN+w+PjmP0MlT7ePYy+F9vzebv4Hj1ci177SOwPo+1T/K0uXYOXhULufklBy19+Pmd7HiHwzLYs2KyIYdFt3uPLwH0coqygd6VuCbSXHboM3BeZt3KPr/tGBPx+HgIn8QuP34v+M9RQFXXTVrg/omxbVYarh40z7KqOSj5OFIrNo1xTISg2jxJ+910t+s9QQ1W0pofVyrfWQ9X0sBN2kk2FoNg8Svjdd7XoP0MNVdGyHqr4v7doPWRAMZZyTYWgHkNRv/uuFv1nqKEq+q8WLTF8ZtoawzrseFBsHuWaCqGhF6r1sHH0n6GGqtB62LAedvALaR12PCg2j3JNhVAyfx38Qirqd9/Vov8MNVSF1sPG9BAxrdbDJqxcUyEIzl9b8yjhd9/Vov8MNVSF1sPaDJGQ1XpYx8o1FYJi8yjhd9/Vov8MNVSF1sPKDFElq/WwipVrKoSK8/eqeRT3u/dqIcSwO/c0egyth8IM0Uus1kNBtxXTw6Z1Udzvv6uHiD40NJqG1sNShu1YrYclbiuqh03/jz3lfv9NPURaDzVeD62Hiuhhzbqq9VARPaw6j+J+/wU9TP+irmg9VAWiOVC1X75/W7laqTDRnoqW627qaKKH5EAMCw4mQ4bt4MAMC0rfn9BDLNQF5S3rjbKoYNCecc7rl78vZnHOSryOVBFpizFtBcZrMQvRf+AbcaOYWVgEAAAAAElFTkSuQmCC','test type','test climate',0,1,'empty','1207','Test Thana',1,'2020-11-09 09:26:59.637854','2','2020-11-09 09:26:59.637854','2',1,3,500,3,NULL),(17,'90.81','23.45',416826.58,'iVBORw0KGgoAAAANSUhEUgAAAOEAAADgCAMAAADCMfHtAAAAgVBMVEX////+/v4AAADw8PD6+vozMzMUFBTu7u6IiIjZ2dkfHx/z8/MjIyOioqLd3d0mJiY/Pz9QUFDn5+d5eXnIyMgbGxvR0dGXl5dUVFQ5OTkMDAyurq7AwMDMzMyTk5MqKipgYGBwcHCkpKRFRUW2trZnZ2eLi4vBwcFsbGyAgIB2dnZbFABBAAAJVElEQVR4nO1ciZKjIBAFdXKZOIk5NPc51/7/B64nNgYU1Cjj8KrcHhWwn3T3A1O1CNUGxvTRP6jPMPWqqpVoi59sMy6UPrYDhq0we01IqRmnTUJNhq2lQzex2uKjfmsWqq8WdaE+Q62HDTL8tZkIoWacNgk1GWo9bMwiyv6aLFRfLepCfYZaDxvVQ0TZX5OJEGrGaZNQk6HWwxfpYVvZWBvqq0VdqM9Q62EjDFGhVT4TIdSM0yahJkOthy/SwbaysTbUV4u6UJ+h1sNaDJGUVTYTIdSM0yahJkOthy/Sv7aysTbUV4u6UJ+h1sNKDFEtq1wmQqgZp01CTYJaD1vWw6azsTbUV4u6IOyQqgy1HgoxzDPNX69nO89ECDXjtEmoSVDrYanuvUYPm8rG2vgDeoi0HnadiXWzEP7d10yEUDNOm4SaBLUelmZXO3pYNStrQ+th9+hED5t5dFN6iIotda3iGK/MxKbFU71ZlJ3BUobd2FZXNeqB1MGKh/rI65nsoT6YniNxG42hlpVVC4EkltbDVitqXe2q0qflyqqhoTxKFQFpPVQdjahFt1ZWLXqnhxoaGt2Dp4EoqwjZBVRuhQ9GLUbF48Rd8NB1xo5rJx6WixnzMnYfp4/F9vx2vyxnGwu+jTLLOfDz8bWKsYm8PyZnK6vAW/v46e+MGPPlwUIiDBlzau19A2L9M35B6R2mw0/CM4s8bchzCw29d8ovY+LZFdZVGD3OxhM+nMaXaGY69lt4Zk1TrzkMkTV7dst4P8g+NhjoyhgowIzJsMZqpJDh86rFXbD9+oRJLaD52LqwBzJ2LpNh9dUMZIhzDJ+GQc6E45fxYcutajzeQPxwqDiPpVEK2ztrnl+GsRdnh0D653Hi56HkMjGdxzKGsJs55xP0StzI6SCVzZPzdJD8+UHKMjUI422nelpg4+58hhjqX9Tth+I0eH/PptST00OUZeF05pi26W4i5diawrPEW0EkNvMaMMTPDCkvj4De++no2vZwnCiaV/RYVtgRwdmNyTXnamxykZDFWv56blj2SdRGXC0wqH4jm1zeBBxnDA6FwOmCwdhC5xzyl+XEGAZ33f1oOdonJdZeecvr8vNg5occHk7hja/wxjjuPI76iDMcZwRvwFeER9IEESI1eRB6Ec8HBm8/fdgPcpfgrdpe6uA6XmYkGYCcZfrOdp5lG6S3oB7GoT0iBJfJnWx5mbUrsgB3MtjiaDPCOGW42LyRlr7lZt2CUyJoGO0NeIOk0yjPsEgPsUUKKVuT5RjConW+LL3D2IRTSBgOoD5d6VruWzgpLSfqukGSfBQOJaoWyCED/Iuv27Zp2hEia9oYti/Rw4ORx+ByGpPNBUwJPmbJdoe1kKzAMPPpEV237+vJZDqdRAjsemEVMqSrOmasuoOYPODkvhDDtR0R3HAblDDMVfwsEpyohttvueHmlrgeYsYkRvDHSJxhtMLDyOfeH0npIcmcMA2Dc1mGeXxyvHo8Rek7vVsbZH/+5KZw7V8v0C2hKCX4Rx4Y32IylMF+YDCxohmuH0MTlEp/436RCF8EQY2W5N6/sATaoHGbDFnp6Y6YC/m3IcUwmlOfukk4TKyAIeF7Sca9AYYleki5ldV3NyphLIZ8tWAXIPfxPd8ZeXiQ4Tl6nySko8xyyewHCxiX9HOSR6F11lpCD8GGbhwzzFfDQobcy5Z7PHhLKnvCYCAM4wpN9CBaPtkkMQOGJA3f02GzuJVTiwd4x9EKYLSMkS5X58VqwRIQcgvZx4+MosNneHtiuEr/9skS7laNYab4d4vyPH2JpQxpYDRE5ANleIEkelhrIEOMIcOwjEOGZInmk4FJuMlVGntLPHhQ7z99hGwt/VqvqE3PBo4vzpC0XJMoJZsgKYawKp+phWklhrGmn8jHHQxiKxRy8SjNKs0xKWnZFQGGsESADfDdTVf1wb9pIsjNoRt5ub256TR+ZdKxkWGISJGax5tWsI8VmUNnP9sn+1ILfEicPlI65iFd8EvoYRBo6T5o4I/2h6/HCSy9Jq4EQxhb85Vp2RvgZqkeIiveEy7jl0MtJeejx/F4mF2zMi+hhxjzvpaGuCAphvDjytudUulSPSSb3mS/9GEUYSuuh/inaKCVHEN0zw8AGJZEKVwuhBnnMrc8KZZF7HKXbgXjXEOvJfKw+u4pSH7S9BC7t3leYhFMh2UMIfbccebDPMNitYD6J82QLBdChpFjR+5X/fWYyYSLIycefDd6KTIMn75ikKpVyjD79E4+8zmc7ebdYRPhY8jKxbWXFGTAEMPvFPG6NPWS/AZI/VD3SX4jLFcLD7aMYd0YL39d4RdEjJyfKT3M3SPrDMcYRNj5VjjwLTlN8vBtl9wln8jNWSISg+9ATc/xfeMzZpg0nkf+J3130aYFW164T9mdMHTM3OdK/eLG/rGR4sNMT/N4uvrb6Xpwnvs/t7EF7psJYqGy0tN4itMzk/yKFm5SVoF2byJXbNIZg9bxAsomfeN+w+PjmP0MlT7ePYy+F9vzebv4Hj1ci177SOwPo+1T/K0uXYOXhULufklBy19+Pmd7HiHwzLYs2KyIYdFt3uPLwH0coqygd6VuCbSXHboM3BeZt3KPr/tGBPx+HgIn8QuP34v+M9RQFXXTVrg/omxbVYarh40z7KqOSj5OFIrNo1xTISg2jxJ+910t+s9QQ1W0pofVyrfWQ9X0sBN2kk2FoNg8Svjdd7XoP0MNVdGyHqr4v7doPWRAMZZyTYWgHkNRv/uuFv1nqKEq+q8WLTF8ZtoawzrseFBsHuWaCqGhF6r1sHH0n6GGqtB62LAedvALaR12PCg2j3JNhVAyfx38Qirqd9/Vov8MNVSF1sPG9BAxrdbDJqxcUyEIzl9b8yjhd9/Vov8MNVSF1sPaDJGQ1XpYx8o1FYJi8yjhd9/Vov8MNVSF1sPKDFElq/WwipVrKoSK8/eqeRT3u/dqIcSwO/c0egyth8IM0Uus1kNBtxXTw6Z1Udzvv6uHiD40NJqG1sNShu1YrYclbiuqh03/jz3lfv9NPURaDzVeD62Hiuhhzbqq9VARPaw6j+J+/wU9TP+irmg9VAWiOVC1X75/W7laqTDRnoqW627qaKKH5EAMCw4mQ4bt4MAMC0rfn9BDLNQF5S3rjbKoYNCecc7rl78vZnHOSryOVBFpizFtBcZrMQvRf+AbcaOYWVgEAAAAAElFTkSuQmCC','test type','test climate',0,1,'empty','1207','Test Thana',1,'2020-11-09 09:27:26.416802','2','2020-11-09 09:27:26.416802','2',1,3,500,3,NULL),(18,'90.81','23.45',9.569009,'iVBORw0KGgoAAAANSUhEUgAAAOEAAADgCAMAAADCMfHtAAAAgVBMVEX////+/v4AAADw8PD6+vozMzMUFBTu7u6IiIjZ2dkfHx/z8/MjIyOioqLd3d0mJiY/Pz9QUFDn5+d5eXnIyMgbGxvR0dGXl5dUVFQ5OTkMDAyurq7AwMDMzMyTk5MqKipgYGBwcHCkpKRFRUW2trZnZ2eLi4vBwcFsbGyAgIB2dnZbFABBAAAJVElEQVR4nO1ciZKjIBAFdXKZOIk5NPc51/7/B64nNgYU1Cjj8KrcHhWwn3T3A1O1CNUGxvTRP6jPMPWqqpVoi59sMy6UPrYDhq0we01IqRmnTUJNhq2lQzex2uKjfmsWqq8WdaE+Q62HDTL8tZkIoWacNgk1GWo9bMwiyv6aLFRfLepCfYZaDxvVQ0TZX5OJEGrGaZNQk6HWwxfpYVvZWBvqq0VdqM9Q62EjDFGhVT4TIdSM0yahJkOthy/SwbaysTbUV4u6UJ+h1sNaDJGUVTYTIdSM0yahJkOthy/Sv7aysTbUV4u6UJ+h1sNKDFEtq1wmQqgZp01CTYJaD1vWw6azsTbUV4u6IOyQqgy1HgoxzDPNX69nO89ECDXjtEmoSVDrYanuvUYPm8rG2vgDeoi0HnadiXWzEP7d10yEUDNOm4SaBLUelmZXO3pYNStrQ+th9+hED5t5dFN6iIotda3iGK/MxKbFU71ZlJ3BUobd2FZXNeqB1MGKh/rI65nsoT6YniNxG42hlpVVC4EkltbDVitqXe2q0qflyqqhoTxKFQFpPVQdjahFt1ZWLXqnhxoaGt2Dp4EoqwjZBVRuhQ9GLUbF48Rd8NB1xo5rJx6WixnzMnYfp4/F9vx2vyxnGwu+jTLLOfDz8bWKsYm8PyZnK6vAW/v46e+MGPPlwUIiDBlzau19A2L9M35B6R2mw0/CM4s8bchzCw29d8ovY+LZFdZVGD3OxhM+nMaXaGY69lt4Zk1TrzkMkTV7dst4P8g+NhjoyhgowIzJsMZqpJDh86rFXbD9+oRJLaD52LqwBzJ2LpNh9dUMZIhzDJ+GQc6E45fxYcutajzeQPxwqDiPpVEK2ztrnl+GsRdnh0D653Hi56HkMjGdxzKGsJs55xP0StzI6SCVzZPzdJD8+UHKMjUI422nelpg4+58hhjqX9Tth+I0eH/PptST00OUZeF05pi26W4i5diawrPEW0EkNvMaMMTPDCkvj4De++no2vZwnCiaV/RYVtgRwdmNyTXnamxykZDFWv56blj2SdRGXC0wqH4jm1zeBBxnDA6FwOmCwdhC5xzyl+XEGAZ33f1oOdonJdZeecvr8vNg5occHk7hja/wxjjuPI76iDMcZwRvwFeER9IEESI1eRB6Ec8HBm8/fdgPcpfgrdpe6uA6XmYkGYCcZfrOdp5lG6S3oB7GoT0iBJfJnWx5mbUrsgB3MtjiaDPCOGW42LyRlr7lZt2CUyJoGO0NeIOk0yjPsEgPsUUKKVuT5RjConW+LL3D2IRTSBgOoD5d6VruWzgpLSfqukGSfBQOJaoWyCED/Iuv27Zp2hEia9oYti/Rw4ORx+ByGpPNBUwJPmbJdoe1kKzAMPPpEV237+vJZDqdRAjsemEVMqSrOmasuoOYPODkvhDDtR0R3HAblDDMVfwsEpyohttvueHmlrgeYsYkRvDHSJxhtMLDyOfeH0npIcmcMA2Dc1mGeXxyvHo8Rek7vVsbZH/+5KZw7V8v0C2hKCX4Rx4Y32IylMF+YDCxohmuH0MTlEp/436RCF8EQY2W5N6/sATaoHGbDFnp6Y6YC/m3IcUwmlOfukk4TKyAIeF7Sca9AYYleki5ldV3NyphLIZ8tWAXIPfxPd8ZeXiQ4Tl6nySko8xyyewHCxiX9HOSR6F11lpCD8GGbhwzzFfDQobcy5Z7PHhLKnvCYCAM4wpN9CBaPtkkMQOGJA3f02GzuJVTiwd4x9EKYLSMkS5X58VqwRIQcgvZx4+MosNneHtiuEr/9skS7laNYab4d4vyPH2JpQxpYDRE5ANleIEkelhrIEOMIcOwjEOGZInmk4FJuMlVGntLPHhQ7z99hGwt/VqvqE3PBo4vzpC0XJMoJZsgKYawKp+phWklhrGmn8jHHQxiKxRy8SjNKs0xKWnZFQGGsESADfDdTVf1wb9pIsjNoRt5ub256TR+ZdKxkWGISJGax5tWsI8VmUNnP9sn+1ILfEicPlI65iFd8EvoYRBo6T5o4I/2h6/HCSy9Jq4EQxhb85Vp2RvgZqkeIiveEy7jl0MtJeejx/F4mF2zMi+hhxjzvpaGuCAphvDjytudUulSPSSb3mS/9GEUYSuuh/inaKCVHEN0zw8AGJZEKVwuhBnnMrc8KZZF7HKXbgXjXEOvJfKw+u4pSH7S9BC7t3leYhFMh2UMIfbccebDPMNitYD6J82QLBdChpFjR+5X/fWYyYSLIycefDd6KTIMn75ikKpVyjD79E4+8zmc7ebdYRPhY8jKxbWXFGTAEMPvFPG6NPWS/AZI/VD3SX4jLFcLD7aMYd0YL39d4RdEjJyfKT3M3SPrDMcYRNj5VjjwLTlN8vBtl9wln8jNWSISg+9ATc/xfeMzZpg0nkf+J3130aYFW164T9mdMHTM3OdK/eLG/rGR4sNMT/N4uvrb6Xpwnvs/t7EF7psJYqGy0tN4itMzk/yKFm5SVoF2byJXbNIZg9bxAsomfeN+w+PjmP0MlT7ePYy+F9vzebv4Hj1ci177SOwPo+1T/K0uXYOXhULufklBy19+Pmd7HiHwzLYs2KyIYdFt3uPLwH0coqygd6VuCbSXHboM3BeZt3KPr/tGBPx+HgIn8QuP34v+M9RQFXXTVrg/omxbVYarh40z7KqOSj5OFIrNo1xTISg2jxJ+910t+s9QQ1W0pofVyrfWQ9X0sBN2kk2FoNg8Svjdd7XoP0MNVdGyHqr4v7doPWRAMZZyTYWgHkNRv/uuFv1nqKEq+q8WLTF8ZtoawzrseFBsHuWaCqGhF6r1sHH0n6GGqtB62LAedvALaR12PCg2j3JNhVAyfx38Qirqd9/Vov8MNVSF1sPG9BAxrdbDJqxcUyEIzl9b8yjhd9/Vov8MNVSF1sPaDJGQ1XpYx8o1FYJi8yjhd9/Vov8MNVSF1sPKDFElq/WwipVrKoSK8/eqeRT3u/dqIcSwO/c0egyth8IM0Uus1kNBtxXTw6Z1Udzvv6uHiD40NJqG1sNShu1YrYclbiuqh03/jz3lfv9NPURaDzVeD62Hiuhhzbqq9VARPaw6j+J+/wU9TP+irmg9VAWiOVC1X75/W7laqTDRnoqW627qaKKH5EAMCw4mQ4bt4MAMC0rfn9BDLNQF5S3rjbKoYNCecc7rl78vZnHOSryOVBFpizFtBcZrMQvRf+AbcaOYWVgEAAAAAElFTkSuQmCC','test type','test climate',0,1,'empty','1207','Test Thana',1,'2020-11-09 09:34:38.257050','2','2020-11-09 09:34:38.257050','2',1,3,500,3,NULL),(19,'90.81','23.45',103,'iVBORw0KGgoAAAANSUhEUgAAAOEAAADgCAMAAADCMfHtAAAAgVBMVEX////+/v4AAADw8PD6+vozMzMUFBTu7u6IiIjZ2dkfHx/z8/MjIyOioqLd3d0mJiY/Pz9QUFDn5+d5eXnIyMgbGxvR0dGXl5dUVFQ5OTkMDAyurq7AwMDMzMyTk5MqKipgYGBwcHCkpKRFRUW2trZnZ2eLi4vBwcFsbGyAgIB2dnZbFABBAAAJVElEQVR4nO1ciZKjIBAFdXKZOIk5NPc51/7/B64nNgYU1Cjj8KrcHhWwn3T3A1O1CNUGxvTRP6jPMPWqqpVoi59sMy6UPrYDhq0we01IqRmnTUJNhq2lQzex2uKjfmsWqq8WdaE+Q62HDTL8tZkIoWacNgk1GWo9bMwiyv6aLFRfLepCfYZaDxvVQ0TZX5OJEGrGaZNQk6HWwxfpYVvZWBvqq0VdqM9Q62EjDFGhVT4TIdSM0yahJkOthy/SwbaysTbUV4u6UJ+h1sNaDJGUVTYTIdSM0yahJkOthy/Sv7aysTbUV4u6UJ+h1sNKDFEtq1wmQqgZp01CTYJaD1vWw6azsTbUV4u6IOyQqgy1HgoxzDPNX69nO89ECDXjtEmoSVDrYanuvUYPm8rG2vgDeoi0HnadiXWzEP7d10yEUDNOm4SaBLUelmZXO3pYNStrQ+th9+hED5t5dFN6iIotda3iGK/MxKbFU71ZlJ3BUobd2FZXNeqB1MGKh/rI65nsoT6YniNxG42hlpVVC4EkltbDVitqXe2q0qflyqqhoTxKFQFpPVQdjahFt1ZWLXqnhxoaGt2Dp4EoqwjZBVRuhQ9GLUbF48Rd8NB1xo5rJx6WixnzMnYfp4/F9vx2vyxnGwu+jTLLOfDz8bWKsYm8PyZnK6vAW/v46e+MGPPlwUIiDBlzau19A2L9M35B6R2mw0/CM4s8bchzCw29d8ovY+LZFdZVGD3OxhM+nMaXaGY69lt4Zk1TrzkMkTV7dst4P8g+NhjoyhgowIzJsMZqpJDh86rFXbD9+oRJLaD52LqwBzJ2LpNh9dUMZIhzDJ+GQc6E45fxYcutajzeQPxwqDiPpVEK2ztrnl+GsRdnh0D653Hi56HkMjGdxzKGsJs55xP0StzI6SCVzZPzdJD8+UHKMjUI422nelpg4+58hhjqX9Tth+I0eH/PptST00OUZeF05pi26W4i5diawrPEW0EkNvMaMMTPDCkvj4De++no2vZwnCiaV/RYVtgRwdmNyTXnamxykZDFWv56blj2SdRGXC0wqH4jm1zeBBxnDA6FwOmCwdhC5xzyl+XEGAZ33f1oOdonJdZeecvr8vNg5occHk7hja/wxjjuPI76iDMcZwRvwFeER9IEESI1eRB6Ec8HBm8/fdgPcpfgrdpe6uA6XmYkGYCcZfrOdp5lG6S3oB7GoT0iBJfJnWx5mbUrsgB3MtjiaDPCOGW42LyRlr7lZt2CUyJoGO0NeIOk0yjPsEgPsUUKKVuT5RjConW+LL3D2IRTSBgOoD5d6VruWzgpLSfqukGSfBQOJaoWyCED/Iuv27Zp2hEia9oYti/Rw4ORx+ByGpPNBUwJPmbJdoe1kKzAMPPpEV237+vJZDqdRAjsemEVMqSrOmasuoOYPODkvhDDtR0R3HAblDDMVfwsEpyohttvueHmlrgeYsYkRvDHSJxhtMLDyOfeH0npIcmcMA2Dc1mGeXxyvHo8Rek7vVsbZH/+5KZw7V8v0C2hKCX4Rx4Y32IylMF+YDCxohmuH0MTlEp/436RCF8EQY2W5N6/sATaoHGbDFnp6Y6YC/m3IcUwmlOfukk4TKyAIeF7Sca9AYYleki5ldV3NyphLIZ8tWAXIPfxPd8ZeXiQ4Tl6nySko8xyyewHCxiX9HOSR6F11lpCD8GGbhwzzFfDQobcy5Z7PHhLKnvCYCAM4wpN9CBaPtkkMQOGJA3f02GzuJVTiwd4x9EKYLSMkS5X58VqwRIQcgvZx4+MosNneHtiuEr/9skS7laNYab4d4vyPH2JpQxpYDRE5ANleIEkelhrIEOMIcOwjEOGZInmk4FJuMlVGntLPHhQ7z99hGwt/VqvqE3PBo4vzpC0XJMoJZsgKYawKp+phWklhrGmn8jHHQxiKxRy8SjNKs0xKWnZFQGGsESADfDdTVf1wb9pIsjNoRt5ub256TR+ZdKxkWGISJGax5tWsI8VmUNnP9sn+1ILfEicPlI65iFd8EvoYRBo6T5o4I/2h6/HCSy9Jq4EQxhb85Vp2RvgZqkeIiveEy7jl0MtJeejx/F4mF2zMi+hhxjzvpaGuCAphvDjytudUulSPSSb3mS/9GEUYSuuh/inaKCVHEN0zw8AGJZEKVwuhBnnMrc8KZZF7HKXbgXjXEOvJfKw+u4pSH7S9BC7t3leYhFMh2UMIfbccebDPMNitYD6J82QLBdChpFjR+5X/fWYyYSLIycefDd6KTIMn75ikKpVyjD79E4+8zmc7ebdYRPhY8jKxbWXFGTAEMPvFPG6NPWS/AZI/VD3SX4jLFcLD7aMYd0YL39d4RdEjJyfKT3M3SPrDMcYRNj5VjjwLTlN8vBtl9wln8jNWSISg+9ATc/xfeMzZpg0nkf+J3130aYFW164T9mdMHTM3OdK/eLG/rGR4sNMT/N4uvrb6Xpwnvs/t7EF7psJYqGy0tN4itMzk/yKFm5SVoF2byJXbNIZg9bxAsomfeN+w+PjmP0MlT7ePYy+F9vzebv4Hj1ci177SOwPo+1T/K0uXYOXhULufklBy19+Pmd7HiHwzLYs2KyIYdFt3uPLwH0coqygd6VuCbSXHboM3BeZt3KPr/tGBPx+HgIn8QuP34v+M9RQFXXTVrg/omxbVYarh40z7KqOSj5OFIrNo1xTISg2jxJ+910t+s9QQ1W0pofVyrfWQ9X0sBN2kk2FoNg8Svjdd7XoP0MNVdGyHqr4v7doPWRAMZZyTYWgHkNRv/uuFv1nqKEq+q8WLTF8ZtoawzrseFBsHuWaCqGhF6r1sHH0n6GGqtB62LAedvALaR12PCg2j3JNhVAyfx38Qirqd9/Vov8MNVSF1sPG9BAxrdbDJqxcUyEIzl9b8yjhd9/Vov8MNVSF1sPaDJGQ1XpYx8o1FYJi8yjhd9/Vov8MNVSF1sPKDFElq/WwipVrKoSK8/eqeRT3u/dqIcSwO/c0egyth8IM0Uus1kNBtxXTw6Z1Udzvv6uHiD40NJqG1sNShu1YrYclbiuqh03/jz3lfv9NPURaDzVeD62Hiuhhzbqq9VARPaw6j+J+/wU9TP+irmg9VAWiOVC1X75/W7laqTDRnoqW627qaKKH5EAMCw4mQ4bt4MAMC0rfn9BDLNQF5S3rjbKoYNCecc7rl78vZnHOSryOVBFpizFtBcZrMQvRf+AbcaOYWVgEAAAAAElFTkSuQmCC','test type','test climate',0,1,'empty','1207','Test Thana',1,'2020-11-09 09:36:30.951754','2','2020-11-09 09:36:30.951754','2',1,3,500,3,NULL),(20,'92.81','23.45',103,'iVBORw0KGgoAAAANSUhEUgAAAOEAAADgCAMAAADCMfHtAAAAgVBMVEX////+/v4AAADw8PD6+vozMzMUFBTu7u6IiIjZ2dkfHx/z8/MjIyOioqLd3d0mJiY/Pz9QUFDn5+d5eXnIyMgbGxvR0dGXl5dUVFQ5OTkMDAyurq7AwMDMzMyTk5MqKipgYGBwcHCkpKRFRUW2trZnZ2eLi4vBwcFsbGyAgIB2dnZbFABBAAAJVElEQVR4nO1ciZKjIBAFdXKZOIk5NPc51/7/B64nNgYU1Cjj8KrcHhWwn3T3A1O1CNUGxvTRP6jPMPWqqpVoi59sMy6UPrYDhq0we01IqRmnTUJNhq2lQzex2uKjfmsWqq8WdaE+Q62HDTL8tZkIoWacNgk1GWo9bMwiyv6aLFRfLepCfYZaDxvVQ0TZX5OJEGrGaZNQk6HWwxfpYVvZWBvqq0VdqM9Q62EjDFGhVT4TIdSM0yahJkOthy/SwbaysTbUV4u6UJ+h1sNaDJGUVTYTIdSM0yahJkOthy/Sv7aysTbUV4u6UJ+h1sNKDFEtq1wmQqgZp01CTYJaD1vWw6azsTbUV4u6IOyQqgy1HgoxzDPNX69nO89ECDXjtEmoSVDrYanuvUYPm8rG2vgDeoi0HnadiXWzEP7d10yEUDNOm4SaBLUelmZXO3pYNStrQ+th9+hED5t5dFN6iIotda3iGK/MxKbFU71ZlJ3BUobd2FZXNeqB1MGKh/rI65nsoT6YniNxG42hlpVVC4EkltbDVitqXe2q0qflyqqhoTxKFQFpPVQdjahFt1ZWLXqnhxoaGt2Dp4EoqwjZBVRuhQ9GLUbF48Rd8NB1xo5rJx6WixnzMnYfp4/F9vx2vyxnGwu+jTLLOfDz8bWKsYm8PyZnK6vAW/v46e+MGPPlwUIiDBlzau19A2L9M35B6R2mw0/CM4s8bchzCw29d8ovY+LZFdZVGD3OxhM+nMaXaGY69lt4Zk1TrzkMkTV7dst4P8g+NhjoyhgowIzJsMZqpJDh86rFXbD9+oRJLaD52LqwBzJ2LpNh9dUMZIhzDJ+GQc6E45fxYcutajzeQPxwqDiPpVEK2ztrnl+GsRdnh0D653Hi56HkMjGdxzKGsJs55xP0StzI6SCVzZPzdJD8+UHKMjUI422nelpg4+58hhjqX9Tth+I0eH/PptST00OUZeF05pi26W4i5diawrPEW0EkNvMaMMTPDCkvj4De++no2vZwnCiaV/RYVtgRwdmNyTXnamxykZDFWv56blj2SdRGXC0wqH4jm1zeBBxnDA6FwOmCwdhC5xzyl+XEGAZ33f1oOdonJdZeecvr8vNg5occHk7hja/wxjjuPI76iDMcZwRvwFeER9IEESI1eRB6Ec8HBm8/fdgPcpfgrdpe6uA6XmYkGYCcZfrOdp5lG6S3oB7GoT0iBJfJnWx5mbUrsgB3MtjiaDPCOGW42LyRlr7lZt2CUyJoGO0NeIOk0yjPsEgPsUUKKVuT5RjConW+LL3D2IRTSBgOoD5d6VruWzgpLSfqukGSfBQOJaoWyCED/Iuv27Zp2hEia9oYti/Rw4ORx+ByGpPNBUwJPmbJdoe1kKzAMPPpEV237+vJZDqdRAjsemEVMqSrOmasuoOYPODkvhDDtR0R3HAblDDMVfwsEpyohttvueHmlrgeYsYkRvDHSJxhtMLDyOfeH0npIcmcMA2Dc1mGeXxyvHo8Rek7vVsbZH/+5KZw7V8v0C2hKCX4Rx4Y32IylMF+YDCxohmuH0MTlEp/436RCF8EQY2W5N6/sATaoHGbDFnp6Y6YC/m3IcUwmlOfukk4TKyAIeF7Sca9AYYleki5ldV3NyphLIZ8tWAXIPfxPd8ZeXiQ4Tl6nySko8xyyewHCxiX9HOSR6F11lpCD8GGbhwzzFfDQobcy5Z7PHhLKnvCYCAM4wpN9CBaPtkkMQOGJA3f02GzuJVTiwd4x9EKYLSMkS5X58VqwRIQcgvZx4+MosNneHtiuEr/9skS7laNYab4d4vyPH2JpQxpYDRE5ANleIEkelhrIEOMIcOwjEOGZInmk4FJuMlVGntLPHhQ7z99hGwt/VqvqE3PBo4vzpC0XJMoJZsgKYawKp+phWklhrGmn8jHHQxiKxRy8SjNKs0xKWnZFQGGsESADfDdTVf1wb9pIsjNoRt5ub256TR+ZdKxkWGISJGax5tWsI8VmUNnP9sn+1ILfEicPlI65iFd8EvoYRBo6T5o4I/2h6/HCSy9Jq4EQxhb85Vp2RvgZqkeIiveEy7jl0MtJeejx/F4mF2zMi+hhxjzvpaGuCAphvDjytudUulSPSSb3mS/9GEUYSuuh/inaKCVHEN0zw8AGJZEKVwuhBnnMrc8KZZF7HKXbgXjXEOvJfKw+u4pSH7S9BC7t3leYhFMh2UMIfbccebDPMNitYD6J82QLBdChpFjR+5X/fWYyYSLIycefDd6KTIMn75ikKpVyjD79E4+8zmc7ebdYRPhY8jKxbWXFGTAEMPvFPG6NPWS/AZI/VD3SX4jLFcLD7aMYd0YL39d4RdEjJyfKT3M3SPrDMcYRNj5VjjwLTlN8vBtl9wln8jNWSISg+9ATc/xfeMzZpg0nkf+J3130aYFW164T9mdMHTM3OdK/eLG/rGR4sNMT/N4uvrb6Xpwnvs/t7EF7psJYqGy0tN4itMzk/yKFm5SVoF2byJXbNIZg9bxAsomfeN+w+PjmP0MlT7ePYy+F9vzebv4Hj1ci177SOwPo+1T/K0uXYOXhULufklBy19+Pmd7HiHwzLYs2KyIYdFt3uPLwH0coqygd6VuCbSXHboM3BeZt3KPr/tGBPx+HgIn8QuP34v+M9RQFXXTVrg/omxbVYarh40z7KqOSj5OFIrNo1xTISg2jxJ+910t+s9QQ1W0pofVyrfWQ9X0sBN2kk2FoNg8Svjdd7XoP0MNVdGyHqr4v7doPWRAMZZyTYWgHkNRv/uuFv1nqKEq+q8WLTF8ZtoawzrseFBsHuWaCqGhF6r1sHH0n6GGqtB62LAedvALaR12PCg2j3JNhVAyfx38Qirqd9/Vov8MNVSF1sPG9BAxrdbDJqxcUyEIzl9b8yjhd9/Vov8MNVSF1sPaDJGQ1XpYx8o1FYJi8yjhd9/Vov8MNVSF1sPKDFElq/WwipVrKoSK8/eqeRT3u/dqIcSwO/c0egyth8IM0Uus1kNBtxXTw6Z1Udzvv6uHiD40NJqG1sNShu1YrYclbiuqh03/jz3lfv9NPURaDzVeD62Hiuhhzbqq9VARPaw6j+J+/wU9TP+irmg9VAWiOVC1X75/W7laqTDRnoqW627qaKKH5EAMCw4mQ4bt4MAMC0rfn9BDLNQF5S3rjbKoYNCecc7rl78vZnHOSryOVBFpizFtBcZrMQvRf+AbcaOYWVgEAAAAAElFTkSuQmCC','test type','test climate',0,1,'empty','1207','Test Thana',1,'2020-11-09 10:38:31.014433','2','2020-11-09 10:38:31.014433','2',1,3,500,3,NULL),(21,'92.81','23.45',103,'iVBORw0KGgoAAAANSUhEUgAAAOEAAADgCAMAAADCMfHtAAAAgVBMVEX////+/v4AAADw8PD6+vozMzMUFBTu7u6IiIjZ2dkfHx/z8/MjIyOioqLd3d0mJiY/Pz9QUFDn5+d5eXnIyMgbGxvR0dGXl5dUVFQ5OTkMDAyurq7AwMDMzMyTk5MqKipgYGBwcHCkpKRFRUW2trZnZ2eLi4vBwcFsbGyAgIB2dnZbFABBAAAJVElEQVR4nO1ciZKjIBAFdXKZOIk5NPc51/7/B64nNgYU1Cjj8KrcHhWwn3T3A1O1CNUGxvTRP6jPMPWqqpVoi59sMy6UPrYDhq0we01IqRmnTUJNhq2lQzex2uKjfmsWqq8WdaE+Q62HDTL8tZkIoWacNgk1GWo9bMwiyv6aLFRfLepCfYZaDxvVQ0TZX5OJEGrGaZNQk6HWwxfpYVvZWBvqq0VdqM9Q62EjDFGhVT4TIdSM0yahJkOthy/SwbaysTbUV4u6UJ+h1sNaDJGUVTYTIdSM0yahJkOthy/Sv7aysTbUV4u6UJ+h1sNKDFEtq1wmQqgZp01CTYJaD1vWw6azsTbUV4u6IOyQqgy1HgoxzDPNX69nO89ECDXjtEmoSVDrYanuvUYPm8rG2vgDeoi0HnadiXWzEP7d10yEUDNOm4SaBLUelmZXO3pYNStrQ+th9+hED5t5dFN6iIotda3iGK/MxKbFU71ZlJ3BUobd2FZXNeqB1MGKh/rI65nsoT6YniNxG42hlpVVC4EkltbDVitqXe2q0qflyqqhoTxKFQFpPVQdjahFt1ZWLXqnhxoaGt2Dp4EoqwjZBVRuhQ9GLUbF48Rd8NB1xo5rJx6WixnzMnYfp4/F9vx2vyxnGwu+jTLLOfDz8bWKsYm8PyZnK6vAW/v46e+MGPPlwUIiDBlzau19A2L9M35B6R2mw0/CM4s8bchzCw29d8ovY+LZFdZVGD3OxhM+nMaXaGY69lt4Zk1TrzkMkTV7dst4P8g+NhjoyhgowIzJsMZqpJDh86rFXbD9+oRJLaD52LqwBzJ2LpNh9dUMZIhzDJ+GQc6E45fxYcutajzeQPxwqDiPpVEK2ztrnl+GsRdnh0D653Hi56HkMjGdxzKGsJs55xP0StzI6SCVzZPzdJD8+UHKMjUI422nelpg4+58hhjqX9Tth+I0eH/PptST00OUZeF05pi26W4i5diawrPEW0EkNvMaMMTPDCkvj4De++no2vZwnCiaV/RYVtgRwdmNyTXnamxykZDFWv56blj2SdRGXC0wqH4jm1zeBBxnDA6FwOmCwdhC5xzyl+XEGAZ33f1oOdonJdZeecvr8vNg5occHk7hja/wxjjuPI76iDMcZwRvwFeER9IEESI1eRB6Ec8HBm8/fdgPcpfgrdpe6uA6XmYkGYCcZfrOdp5lG6S3oB7GoT0iBJfJnWx5mbUrsgB3MtjiaDPCOGW42LyRlr7lZt2CUyJoGO0NeIOk0yjPsEgPsUUKKVuT5RjConW+LL3D2IRTSBgOoD5d6VruWzgpLSfqukGSfBQOJaoWyCED/Iuv27Zp2hEia9oYti/Rw4ORx+ByGpPNBUwJPmbJdoe1kKzAMPPpEV237+vJZDqdRAjsemEVMqSrOmasuoOYPODkvhDDtR0R3HAblDDMVfwsEpyohttvueHmlrgeYsYkRvDHSJxhtMLDyOfeH0npIcmcMA2Dc1mGeXxyvHo8Rek7vVsbZH/+5KZw7V8v0C2hKCX4Rx4Y32IylMF+YDCxohmuH0MTlEp/436RCF8EQY2W5N6/sATaoHGbDFnp6Y6YC/m3IcUwmlOfukk4TKyAIeF7Sca9AYYleki5ldV3NyphLIZ8tWAXIPfxPd8ZeXiQ4Tl6nySko8xyyewHCxiX9HOSR6F11lpCD8GGbhwzzFfDQobcy5Z7PHhLKnvCYCAM4wpN9CBaPtkkMQOGJA3f02GzuJVTiwd4x9EKYLSMkS5X58VqwRIQcgvZx4+MosNneHtiuEr/9skS7laNYab4d4vyPH2JpQxpYDRE5ANleIEkelhrIEOMIcOwjEOGZInmk4FJuMlVGntLPHhQ7z99hGwt/VqvqE3PBo4vzpC0XJMoJZsgKYawKp+phWklhrGmn8jHHQxiKxRy8SjNKs0xKWnZFQGGsESADfDdTVf1wb9pIsjNoRt5ub256TR+ZdKxkWGISJGax5tWsI8VmUNnP9sn+1ILfEicPlI65iFd8EvoYRBo6T5o4I/2h6/HCSy9Jq4EQxhb85Vp2RvgZqkeIiveEy7jl0MtJeejx/F4mF2zMi+hhxjzvpaGuCAphvDjytudUulSPSSb3mS/9GEUYSuuh/inaKCVHEN0zw8AGJZEKVwuhBnnMrc8KZZF7HKXbgXjXEOvJfKw+u4pSH7S9BC7t3leYhFMh2UMIfbccebDPMNitYD6J82QLBdChpFjR+5X/fWYyYSLIycefDd6KTIMn75ikKpVyjD79E4+8zmc7ebdYRPhY8jKxbWXFGTAEMPvFPG6NPWS/AZI/VD3SX4jLFcLD7aMYd0YL39d4RdEjJyfKT3M3SPrDMcYRNj5VjjwLTlN8vBtl9wln8jNWSISg+9ATc/xfeMzZpg0nkf+J3130aYFW164T9mdMHTM3OdK/eLG/rGR4sNMT/N4uvrb6Xpwnvs/t7EF7psJYqGy0tN4itMzk/yKFm5SVoF2byJXbNIZg9bxAsomfeN+w+PjmP0MlT7ePYy+F9vzebv4Hj1ci177SOwPo+1T/K0uXYOXhULufklBy19+Pmd7HiHwzLYs2KyIYdFt3uPLwH0coqygd6VuCbSXHboM3BeZt3KPr/tGBPx+HgIn8QuP34v+M9RQFXXTVrg/omxbVYarh40z7KqOSj5OFIrNo1xTISg2jxJ+910t+s9QQ1W0pofVyrfWQ9X0sBN2kk2FoNg8Svjdd7XoP0MNVdGyHqr4v7doPWRAMZZyTYWgHkNRv/uuFv1nqKEq+q8WLTF8ZtoawzrseFBsHuWaCqGhF6r1sHH0n6GGqtB62LAedvALaR12PCg2j3JNhVAyfx38Qirqd9/Vov8MNVSF1sPG9BAxrdbDJqxcUyEIzl9b8yjhd9/Vov8MNVSF1sPaDJGQ1XpYx8o1FYJi8yjhd9/Vov8MNVSF1sPKDFElq/WwipVrKoSK8/eqeRT3u/dqIcSwO/c0egyth8IM0Uus1kNBtxXTw6Z1Udzvv6uHiD40NJqG1sNShu1YrYclbiuqh03/jz3lfv9NPURaDzVeD62Hiuhhzbqq9VARPaw6j+J+/wU9TP+irmg9VAWiOVC1X75/W7laqTDRnoqW627qaKKH5EAMCw4mQ4bt4MAMC0rfn9BDLNQF5S3rjbKoYNCecc7rl78vZnHOSryOVBFpizFtBcZrMQvRf+AbcaOYWVgEAAAAAElFTkSuQmCC','test type','test climate',0,1,'free','1207','Test Thana',1,'2020-11-12 04:43:23.022304','2','2020-11-12 04:43:23.022304','2',1,3,500,3,NULL),(22,'92.81','23.45',103,'iVBORw0KGgoAAAANSUhEUgAAAOEAAADgCAMAAADCMfHtAAAAgVBMVEX////+/v4AAADw8PD6+vozMzMUFBTu7u6IiIjZ2dkfHx/z8/MjIyOioqLd3d0mJiY/Pz9QUFDn5+d5eXnIyMgbGxvR0dGXl5dUVFQ5OTkMDAyurq7AwMDMzMyTk5MqKipgYGBwcHCkpKRFRUW2trZnZ2eLi4vBwcFsbGyAgIB2dnZbFABBAAAJVElEQVR4nO1ciZKjIBAFdXKZOIk5NPc51/7/B64nNgYU1Cjj8KrcHhWwn3T3A1O1CNUGxvTRP6jPMPWqqpVoi59sMy6UPrYDhq0we01IqRmnTUJNhq2lQzex2uKjfmsWqq8WdaE+Q62HDTL8tZkIoWacNgk1GWo9bMwiyv6aLFRfLepCfYZaDxvVQ0TZX5OJEGrGaZNQk6HWwxfpYVvZWBvqq0VdqM9Q62EjDFGhVT4TIdSM0yahJkOthy/SwbaysTbUV4u6UJ+h1sNaDJGUVTYTIdSM0yahJkOthy/Sv7aysTbUV4u6UJ+h1sNKDFEtq1wmQqgZp01CTYJaD1vWw6azsTbUV4u6IOyQqgy1HgoxzDPNX69nO89ECDXjtEmoSVDrYanuvUYPm8rG2vgDeoi0HnadiXWzEP7d10yEUDNOm4SaBLUelmZXO3pYNStrQ+th9+hED5t5dFN6iIotda3iGK/MxKbFU71ZlJ3BUobd2FZXNeqB1MGKh/rI65nsoT6YniNxG42hlpVVC4EkltbDVitqXe2q0qflyqqhoTxKFQFpPVQdjahFt1ZWLXqnhxoaGt2Dp4EoqwjZBVRuhQ9GLUbF48Rd8NB1xo5rJx6WixnzMnYfp4/F9vx2vyxnGwu+jTLLOfDz8bWKsYm8PyZnK6vAW/v46e+MGPPlwUIiDBlzau19A2L9M35B6R2mw0/CM4s8bchzCw29d8ovY+LZFdZVGD3OxhM+nMaXaGY69lt4Zk1TrzkMkTV7dst4P8g+NhjoyhgowIzJsMZqpJDh86rFXbD9+oRJLaD52LqwBzJ2LpNh9dUMZIhzDJ+GQc6E45fxYcutajzeQPxwqDiPpVEK2ztrnl+GsRdnh0D653Hi56HkMjGdxzKGsJs55xP0StzI6SCVzZPzdJD8+UHKMjUI422nelpg4+58hhjqX9Tth+I0eH/PptST00OUZeF05pi26W4i5diawrPEW0EkNvMaMMTPDCkvj4De++no2vZwnCiaV/RYVtgRwdmNyTXnamxykZDFWv56blj2SdRGXC0wqH4jm1zeBBxnDA6FwOmCwdhC5xzyl+XEGAZ33f1oOdonJdZeecvr8vNg5occHk7hja/wxjjuPI76iDMcZwRvwFeER9IEESI1eRB6Ec8HBm8/fdgPcpfgrdpe6uA6XmYkGYCcZfrOdp5lG6S3oB7GoT0iBJfJnWx5mbUrsgB3MtjiaDPCOGW42LyRlr7lZt2CUyJoGO0NeIOk0yjPsEgPsUUKKVuT5RjConW+LL3D2IRTSBgOoD5d6VruWzgpLSfqukGSfBQOJaoWyCED/Iuv27Zp2hEia9oYti/Rw4ORx+ByGpPNBUwJPmbJdoe1kKzAMPPpEV237+vJZDqdRAjsemEVMqSrOmasuoOYPODkvhDDtR0R3HAblDDMVfwsEpyohttvueHmlrgeYsYkRvDHSJxhtMLDyOfeH0npIcmcMA2Dc1mGeXxyvHo8Rek7vVsbZH/+5KZw7V8v0C2hKCX4Rx4Y32IylMF+YDCxohmuH0MTlEp/436RCF8EQY2W5N6/sATaoHGbDFnp6Y6YC/m3IcUwmlOfukk4TKyAIeF7Sca9AYYleki5ldV3NyphLIZ8tWAXIPfxPd8ZeXiQ4Tl6nySko8xyyewHCxiX9HOSR6F11lpCD8GGbhwzzFfDQobcy5Z7PHhLKnvCYCAM4wpN9CBaPtkkMQOGJA3f02GzuJVTiwd4x9EKYLSMkS5X58VqwRIQcgvZx4+MosNneHtiuEr/9skS7laNYab4d4vyPH2JpQxpYDRE5ANleIEkelhrIEOMIcOwjEOGZInmk4FJuMlVGntLPHhQ7z99hGwt/VqvqE3PBo4vzpC0XJMoJZsgKYawKp+phWklhrGmn8jHHQxiKxRy8SjNKs0xKWnZFQGGsESADfDdTVf1wb9pIsjNoRt5ub256TR+ZdKxkWGISJGax5tWsI8VmUNnP9sn+1ILfEicPlI65iFd8EvoYRBo6T5o4I/2h6/HCSy9Jq4EQxhb85Vp2RvgZqkeIiveEy7jl0MtJeejx/F4mF2zMi+hhxjzvpaGuCAphvDjytudUulSPSSb3mS/9GEUYSuuh/inaKCVHEN0zw8AGJZEKVwuhBnnMrc8KZZF7HKXbgXjXEOvJfKw+u4pSH7S9BC7t3leYhFMh2UMIfbccebDPMNitYD6J82QLBdChpFjR+5X/fWYyYSLIycefDd6KTIMn75ikKpVyjD79E4+8zmc7ebdYRPhY8jKxbWXFGTAEMPvFPG6NPWS/AZI/VD3SX4jLFcLD7aMYd0YL39d4RdEjJyfKT3M3SPrDMcYRNj5VjjwLTlN8vBtl9wln8jNWSISg+9ATc/xfeMzZpg0nkf+J3130aYFW164T9mdMHTM3OdK/eLG/rGR4sNMT/N4uvrb6Xpwnvs/t7EF7psJYqGy0tN4itMzk/yKFm5SVoF2byJXbNIZg9bxAsomfeN+w+PjmP0MlT7ePYy+F9vzebv4Hj1ci177SOwPo+1T/K0uXYOXhULufklBy19+Pmd7HiHwzLYs2KyIYdFt3uPLwH0coqygd6VuCbSXHboM3BeZt3KPr/tGBPx+HgIn8QuP34v+M9RQFXXTVrg/omxbVYarh40z7KqOSj5OFIrNo1xTISg2jxJ+910t+s9QQ1W0pofVyrfWQ9X0sBN2kk2FoNg8Svjdd7XoP0MNVdGyHqr4v7doPWRAMZZyTYWgHkNRv/uuFv1nqKEq+q8WLTF8ZtoawzrseFBsHuWaCqGhF6r1sHH0n6GGqtB62LAedvALaR12PCg2j3JNhVAyfx38Qirqd9/Vov8MNVSF1sPG9BAxrdbDJqxcUyEIzl9b8yjhd9/Vov8MNVSF1sPaDJGQ1XpYx8o1FYJi8yjhd9/Vov8MNVSF1sPKDFElq/WwipVrKoSK8/eqeRT3u/dqIcSwO/c0egyth8IM0Uus1kNBtxXTw6Z1Udzvv6uHiD40NJqG1sNShu1YrYclbiuqh03/jz3lfv9NPURaDzVeD62Hiuhhzbqq9VARPaw6j+J+/wU9TP+irmg9VAWiOVC1X75/W7laqTDRnoqW627qaKKH5EAMCw4mQ4bt4MAMC0rfn9BDLNQF5S3rjbKoYNCecc7rl78vZnHOSryOVBFpizFtBcZrMQvRf+AbcaOYWVgEAAAAAElFTkSuQmCC','test type','test climate',0,1,'free','1207','Test Thana',1,'2020-11-12 04:44:11.428560','3','2020-11-12 04:44:11.428560','2',1,3,500,3,NULL),(23,'92.81','23.45',103,'iVBORw0KGgoAAAANSUhEUgAAAOEAAADgCAMAAADCMfHtAAAAgVBMVEX////+/v4AAADw8PD6+vozMzMUFBTu7u6IiIjZ2dkfHx/z8/MjIyOioqLd3d0mJiY/Pz9QUFDn5+d5eXnIyMgbGxvR0dGXl5dUVFQ5OTkMDAyurq7AwMDMzMyTk5MqKipgYGBwcHCkpKRFRUW2trZnZ2eLi4vBwcFsbGyAgIB2dnZbFABBAAAJVElEQVR4nO1ciZKjIBAFdXKZOIk5NPc51/7/B64nNgYU1Cjj8KrcHhWwn3T3A1O1CNUGxvTRP6jPMPWqqpVoi59sMy6UPrYDhq0we01IqRmnTUJNhq2lQzex2uKjfmsWqq8WdaE+Q62HDTL8tZkIoWacNgk1GWo9bMwiyv6aLFRfLepCfYZaDxvVQ0TZX5OJEGrGaZNQk6HWwxfpYVvZWBvqq0VdqM9Q62EjDFGhVT4TIdSM0yahJkOthy/SwbaysTbUV4u6UJ+h1sNaDJGUVTYTIdSM0yahJkOthy/Sv7aysTbUV4u6UJ+h1sNKDFEtq1wmQqgZp01CTYJaD1vWw6azsTbUV4u6IOyQqgy1HgoxzDPNX69nO89ECDXjtEmoSVDrYanuvUYPm8rG2vgDeoi0HnadiXWzEP7d10yEUDNOm4SaBLUelmZXO3pYNStrQ+th9+hED5t5dFN6iIotda3iGK/MxKbFU71ZlJ3BUobd2FZXNeqB1MGKh/rI65nsoT6YniNxG42hlpVVC4EkltbDVitqXe2q0qflyqqhoTxKFQFpPVQdjahFt1ZWLXqnhxoaGt2Dp4EoqwjZBVRuhQ9GLUbF48Rd8NB1xo5rJx6WixnzMnYfp4/F9vx2vyxnGwu+jTLLOfDz8bWKsYm8PyZnK6vAW/v46e+MGPPlwUIiDBlzau19A2L9M35B6R2mw0/CM4s8bchzCw29d8ovY+LZFdZVGD3OxhM+nMaXaGY69lt4Zk1TrzkMkTV7dst4P8g+NhjoyhgowIzJsMZqpJDh86rFXbD9+oRJLaD52LqwBzJ2LpNh9dUMZIhzDJ+GQc6E45fxYcutajzeQPxwqDiPpVEK2ztrnl+GsRdnh0D653Hi56HkMjGdxzKGsJs55xP0StzI6SCVzZPzdJD8+UHKMjUI422nelpg4+58hhjqX9Tth+I0eH/PptST00OUZeF05pi26W4i5diawrPEW0EkNvMaMMTPDCkvj4De++no2vZwnCiaV/RYVtgRwdmNyTXnamxykZDFWv56blj2SdRGXC0wqH4jm1zeBBxnDA6FwOmCwdhC5xzyl+XEGAZ33f1oOdonJdZeecvr8vNg5occHk7hja/wxjjuPI76iDMcZwRvwFeER9IEESI1eRB6Ec8HBm8/fdgPcpfgrdpe6uA6XmYkGYCcZfrOdp5lG6S3oB7GoT0iBJfJnWx5mbUrsgB3MtjiaDPCOGW42LyRlr7lZt2CUyJoGO0NeIOk0yjPsEgPsUUKKVuT5RjConW+LL3D2IRTSBgOoD5d6VruWzgpLSfqukGSfBQOJaoWyCED/Iuv27Zp2hEia9oYti/Rw4ORx+ByGpPNBUwJPmbJdoe1kKzAMPPpEV237+vJZDqdRAjsemEVMqSrOmasuoOYPODkvhDDtR0R3HAblDDMVfwsEpyohttvueHmlrgeYsYkRvDHSJxhtMLDyOfeH0npIcmcMA2Dc1mGeXxyvHo8Rek7vVsbZH/+5KZw7V8v0C2hKCX4Rx4Y32IylMF+YDCxohmuH0MTlEp/436RCF8EQY2W5N6/sATaoHGbDFnp6Y6YC/m3IcUwmlOfukk4TKyAIeF7Sca9AYYleki5ldV3NyphLIZ8tWAXIPfxPd8ZeXiQ4Tl6nySko8xyyewHCxiX9HOSR6F11lpCD8GGbhwzzFfDQobcy5Z7PHhLKnvCYCAM4wpN9CBaPtkkMQOGJA3f02GzuJVTiwd4x9EKYLSMkS5X58VqwRIQcgvZx4+MosNneHtiuEr/9skS7laNYab4d4vyPH2JpQxpYDRE5ANleIEkelhrIEOMIcOwjEOGZInmk4FJuMlVGntLPHhQ7z99hGwt/VqvqE3PBo4vzpC0XJMoJZsgKYawKp+phWklhrGmn8jHHQxiKxRy8SjNKs0xKWnZFQGGsESADfDdTVf1wb9pIsjNoRt5ub256TR+ZdKxkWGISJGax5tWsI8VmUNnP9sn+1ILfEicPlI65iFd8EvoYRBo6T5o4I/2h6/HCSy9Jq4EQxhb85Vp2RvgZqkeIiveEy7jl0MtJeejx/F4mF2zMi+hhxjzvpaGuCAphvDjytudUulSPSSb3mS/9GEUYSuuh/inaKCVHEN0zw8AGJZEKVwuhBnnMrc8KZZF7HKXbgXjXEOvJfKw+u4pSH7S9BC7t3leYhFMh2UMIfbccebDPMNitYD6J82QLBdChpFjR+5X/fWYyYSLIycefDd6KTIMn75ikKpVyjD79E4+8zmc7ebdYRPhY8jKxbWXFGTAEMPvFPG6NPWS/AZI/VD3SX4jLFcLD7aMYd0YL39d4RdEjJyfKT3M3SPrDMcYRNj5VjjwLTlN8vBtl9wln8jNWSISg+9ATc/xfeMzZpg0nkf+J3130aYFW164T9mdMHTM3OdK/eLG/rGR4sNMT/N4uvrb6Xpwnvs/t7EF7psJYqGy0tN4itMzk/yKFm5SVoF2byJXbNIZg9bxAsomfeN+w+PjmP0MlT7ePYy+F9vzebv4Hj1ci177SOwPo+1T/K0uXYOXhULufklBy19+Pmd7HiHwzLYs2KyIYdFt3uPLwH0coqygd6VuCbSXHboM3BeZt3KPr/tGBPx+HgIn8QuP34v+M9RQFXXTVrg/omxbVYarh40z7KqOSj5OFIrNo1xTISg2jxJ+910t+s9QQ1W0pofVyrfWQ9X0sBN2kk2FoNg8Svjdd7XoP0MNVdGyHqr4v7doPWRAMZZyTYWgHkNRv/uuFv1nqKEq+q8WLTF8ZtoawzrseFBsHuWaCqGhF6r1sHH0n6GGqtB62LAedvALaR12PCg2j3JNhVAyfx38Qirqd9/Vov8MNVSF1sPG9BAxrdbDJqxcUyEIzl9b8yjhd9/Vov8MNVSF1sPaDJGQ1XpYx8o1FYJi8yjhd9/Vov8MNVSF1sPKDFElq/WwipVrKoSK8/eqeRT3u/dqIcSwO/c0egyth8IM0Uus1kNBtxXTw6Z1Udzvv6uHiD40NJqG1sNShu1YrYclbiuqh03/jz3lfv9NPURaDzVeD62Hiuhhzbqq9VARPaw6j+J+/wU9TP+irmg9VAWiOVC1X75/W7laqTDRnoqW627qaKKH5EAMCw4mQ4bt4MAMC0rfn9BDLNQF5S3rjbKoYNCecc7rl78vZnHOSryOVBFpizFtBcZrMQvRf+AbcaOYWVgEAAAAAElFTkSuQmCC','test type','test climate',0,1,'free','1207','Test Thana',1,'2020-11-15 14:04:50.589783','3','2020-11-15 14:04:50.589783','2',1,3,500,3,NULL),(24,'92.81','23.45',103,'iVBORw0KGgoAAAANSUhEUgAAAOEAAADgCAMAAADCMfHtAAAAgVBMVEX////+/v4AAADw8PD6+vozMzMUFBTu7u6IiIjZ2dkfHx/z8/MjIyOioqLd3d0mJiY/Pz9QUFDn5+d5eXnIyMgbGxvR0dGXl5dUVFQ5OTkMDAyurq7AwMDMzMyTk5MqKipgYGBwcHCkpKRFRUW2trZnZ2eLi4vBwcFsbGyAgIB2dnZbFABBAAAJVElEQVR4nO1ciZKjIBAFdXKZOIk5NPc51/7/B64nNgYU1Cjj8KrcHhWwn3T3A1O1CNUGxvTRP6jPMPWqqpVoi59sMy6UPrYDhq0we01IqRmnTUJNhq2lQzex2uKjfmsWqq8WdaE+Q62HDTL8tZkIoWacNgk1GWo9bMwiyv6aLFRfLepCfYZaDxvVQ0TZX5OJEGrGaZNQk6HWwxfpYVvZWBvqq0VdqM9Q62EjDFGhVT4TIdSM0yahJkOthy/SwbaysTbUV4u6UJ+h1sNaDJGUVTYTIdSM0yahJkOthy/Sv7aysTbUV4u6UJ+h1sNKDFEtq1wmQqgZp01CTYJaD1vWw6azsTbUV4u6IOyQqgy1HgoxzDPNX69nO89ECDXjtEmoSVDrYanuvUYPm8rG2vgDeoi0HnadiXWzEP7d10yEUDNOm4SaBLUelmZXO3pYNStrQ+th9+hED5t5dFN6iIotda3iGK/MxKbFU71ZlJ3BUobd2FZXNeqB1MGKh/rI65nsoT6YniNxG42hlpVVC4EkltbDVitqXe2q0qflyqqhoTxKFQFpPVQdjahFt1ZWLXqnhxoaGt2Dp4EoqwjZBVRuhQ9GLUbF48Rd8NB1xo5rJx6WixnzMnYfp4/F9vx2vyxnGwu+jTLLOfDz8bWKsYm8PyZnK6vAW/v46e+MGPPlwUIiDBlzau19A2L9M35B6R2mw0/CM4s8bchzCw29d8ovY+LZFdZVGD3OxhM+nMaXaGY69lt4Zk1TrzkMkTV7dst4P8g+NhjoyhgowIzJsMZqpJDh86rFXbD9+oRJLaD52LqwBzJ2LpNh9dUMZIhzDJ+GQc6E45fxYcutajzeQPxwqDiPpVEK2ztrnl+GsRdnh0D653Hi56HkMjGdxzKGsJs55xP0StzI6SCVzZPzdJD8+UHKMjUI422nelpg4+58hhjqX9Tth+I0eH/PptST00OUZeF05pi26W4i5diawrPEW0EkNvMaMMTPDCkvj4De++no2vZwnCiaV/RYVtgRwdmNyTXnamxykZDFWv56blj2SdRGXC0wqH4jm1zeBBxnDA6FwOmCwdhC5xzyl+XEGAZ33f1oOdonJdZeecvr8vNg5occHk7hja/wxjjuPI76iDMcZwRvwFeER9IEESI1eRB6Ec8HBm8/fdgPcpfgrdpe6uA6XmYkGYCcZfrOdp5lG6S3oB7GoT0iBJfJnWx5mbUrsgB3MtjiaDPCOGW42LyRlr7lZt2CUyJoGO0NeIOk0yjPsEgPsUUKKVuT5RjConW+LL3D2IRTSBgOoD5d6VruWzgpLSfqukGSfBQOJaoWyCED/Iuv27Zp2hEia9oYti/Rw4ORx+ByGpPNBUwJPmbJdoe1kKzAMPPpEV237+vJZDqdRAjsemEVMqSrOmasuoOYPODkvhDDtR0R3HAblDDMVfwsEpyohttvueHmlrgeYsYkRvDHSJxhtMLDyOfeH0npIcmcMA2Dc1mGeXxyvHo8Rek7vVsbZH/+5KZw7V8v0C2hKCX4Rx4Y32IylMF+YDCxohmuH0MTlEp/436RCF8EQY2W5N6/sATaoHGbDFnp6Y6YC/m3IcUwmlOfukk4TKyAIeF7Sca9AYYleki5ldV3NyphLIZ8tWAXIPfxPd8ZeXiQ4Tl6nySko8xyyewHCxiX9HOSR6F11lpCD8GGbhwzzFfDQobcy5Z7PHhLKnvCYCAM4wpN9CBaPtkkMQOGJA3f02GzuJVTiwd4x9EKYLSMkS5X58VqwRIQcgvZx4+MosNneHtiuEr/9skS7laNYab4d4vyPH2JpQxpYDRE5ANleIEkelhrIEOMIcOwjEOGZInmk4FJuMlVGntLPHhQ7z99hGwt/VqvqE3PBo4vzpC0XJMoJZsgKYawKp+phWklhrGmn8jHHQxiKxRy8SjNKs0xKWnZFQGGsESADfDdTVf1wb9pIsjNoRt5ub256TR+ZdKxkWGISJGax5tWsI8VmUNnP9sn+1ILfEicPlI65iFd8EvoYRBo6T5o4I/2h6/HCSy9Jq4EQxhb85Vp2RvgZqkeIiveEy7jl0MtJeejx/F4mF2zMi+hhxjzvpaGuCAphvDjytudUulSPSSb3mS/9GEUYSuuh/inaKCVHEN0zw8AGJZEKVwuhBnnMrc8KZZF7HKXbgXjXEOvJfKw+u4pSH7S9BC7t3leYhFMh2UMIfbccebDPMNitYD6J82QLBdChpFjR+5X/fWYyYSLIycefDd6KTIMn75ikKpVyjD79E4+8zmc7ebdYRPhY8jKxbWXFGTAEMPvFPG6NPWS/AZI/VD3SX4jLFcLD7aMYd0YL39d4RdEjJyfKT3M3SPrDMcYRNj5VjjwLTlN8vBtl9wln8jNWSISg+9ATc/xfeMzZpg0nkf+J3130aYFW164T9mdMHTM3OdK/eLG/rGR4sNMT/N4uvrb6Xpwnvs/t7EF7psJYqGy0tN4itMzk/yKFm5SVoF2byJXbNIZg9bxAsomfeN+w+PjmP0MlT7ePYy+F9vzebv4Hj1ci177SOwPo+1T/K0uXYOXhULufklBy19+Pmd7HiHwzLYs2KyIYdFt3uPLwH0coqygd6VuCbSXHboM3BeZt3KPr/tGBPx+HgIn8QuP34v+M9RQFXXTVrg/omxbVYarh40z7KqOSj5OFIrNo1xTISg2jxJ+910t+s9QQ1W0pofVyrfWQ9X0sBN2kk2FoNg8Svjdd7XoP0MNVdGyHqr4v7doPWRAMZZyTYWgHkNRv/uuFv1nqKEq+q8WLTF8ZtoawzrseFBsHuWaCqGhF6r1sHH0n6GGqtB62LAedvALaR12PCg2j3JNhVAyfx38Qirqd9/Vov8MNVSF1sPG9BAxrdbDJqxcUyEIzl9b8yjhd9/Vov8MNVSF1sPaDJGQ1XpYx8o1FYJi8yjhd9/Vov8MNVSF1sPKDFElq/WwipVrKoSK8/eqeRT3u/dqIcSwO/c0egyth8IM0Uus1kNBtxXTw6Z1Udzvv6uHiD40NJqG1sNShu1YrYclbiuqh03/jz3lfv9NPURaDzVeD62Hiuhhzbqq9VARPaw6j+J+/wU9TP+irmg9VAWiOVC1X75/W7laqTDRnoqW627qaKKH5EAMCw4mQ4bt4MAMC0rfn9BDLNQF5S3rjbKoYNCecc7rl78vZnHOSryOVBFpizFtBcZrMQvRf+AbcaOYWVgEAAAAAElFTkSuQmCC','test type','test climate',0,1,'free','1207','Test Thana',1,'2020-11-15 15:57:24.713139','3','2020-11-15 15:57:24.714138','2',1,3,500,3,NULL),(25,'92.81','23.45',103,'iVBORw0KGgoAAAANSUhEUgAAAOEAAADgCAMAAADCMfHtAAAAgVBMVEX////+/v4AAADw8PD6+vozMzMUFBTu7u6IiIjZ2dkfHx/z8/MjIyOioqLd3d0mJiY/Pz9QUFDn5+d5eXnIyMgbGxvR0dGXl5dUVFQ5OTkMDAyurq7AwMDMzMyTk5MqKipgYGBwcHCkpKRFRUW2trZnZ2eLi4vBwcFsbGyAgIB2dnZbFABBAAAJVElEQVR4nO1ciZKjIBAFdXKZOIk5NPc51/7/B64nNgYU1Cjj8KrcHhWwn3T3A1O1CNUGxvTRP6jPMPWqqpVoi59sMy6UPrYDhq0we01IqRmnTUJNhq2lQzex2uKjfmsWqq8WdaE+Q62HDTL8tZkIoWacNgk1GWo9bMwiyv6aLFRfLepCfYZaDxvVQ0TZX5OJEGrGaZNQk6HWwxfpYVvZWBvqq0VdqM9Q62EjDFGhVT4TIdSM0yahJkOthy/SwbaysTbUV4u6UJ+h1sNaDJGUVTYTIdSM0yahJkOthy/Sv7aysTbUV4u6UJ+h1sNKDFEtq1wmQqgZp01CTYJaD1vWw6azsTbUV4u6IOyQqgy1HgoxzDPNX69nO89ECDXjtEmoSVDrYanuvUYPm8rG2vgDeoi0HnadiXWzEP7d10yEUDNOm4SaBLUelmZXO3pYNStrQ+th9+hED5t5dFN6iIotda3iGK/MxKbFU71ZlJ3BUobd2FZXNeqB1MGKh/rI65nsoT6YniNxG42hlpVVC4EkltbDVitqXe2q0qflyqqhoTxKFQFpPVQdjahFt1ZWLXqnhxoaGt2Dp4EoqwjZBVRuhQ9GLUbF48Rd8NB1xo5rJx6WixnzMnYfp4/F9vx2vyxnGwu+jTLLOfDz8bWKsYm8PyZnK6vAW/v46e+MGPPlwUIiDBlzau19A2L9M35B6R2mw0/CM4s8bchzCw29d8ovY+LZFdZVGD3OxhM+nMaXaGY69lt4Zk1TrzkMkTV7dst4P8g+NhjoyhgowIzJsMZqpJDh86rFXbD9+oRJLaD52LqwBzJ2LpNh9dUMZIhzDJ+GQc6E45fxYcutajzeQPxwqDiPpVEK2ztrnl+GsRdnh0D653Hi56HkMjGdxzKGsJs55xP0StzI6SCVzZPzdJD8+UHKMjUI422nelpg4+58hhjqX9Tth+I0eH/PptST00OUZeF05pi26W4i5diawrPEW0EkNvMaMMTPDCkvj4De++no2vZwnCiaV/RYVtgRwdmNyTXnamxykZDFWv56blj2SdRGXC0wqH4jm1zeBBxnDA6FwOmCwdhC5xzyl+XEGAZ33f1oOdonJdZeecvr8vNg5occHk7hja/wxjjuPI76iDMcZwRvwFeER9IEESI1eRB6Ec8HBm8/fdgPcpfgrdpe6uA6XmYkGYCcZfrOdp5lG6S3oB7GoT0iBJfJnWx5mbUrsgB3MtjiaDPCOGW42LyRlr7lZt2CUyJoGO0NeIOk0yjPsEgPsUUKKVuT5RjConW+LL3D2IRTSBgOoD5d6VruWzgpLSfqukGSfBQOJaoWyCED/Iuv27Zp2hEia9oYti/Rw4ORx+ByGpPNBUwJPmbJdoe1kKzAMPPpEV237+vJZDqdRAjsemEVMqSrOmasuoOYPODkvhDDtR0R3HAblDDMVfwsEpyohttvueHmlrgeYsYkRvDHSJxhtMLDyOfeH0npIcmcMA2Dc1mGeXxyvHo8Rek7vVsbZH/+5KZw7V8v0C2hKCX4Rx4Y32IylMF+YDCxohmuH0MTlEp/436RCF8EQY2W5N6/sATaoHGbDFnp6Y6YC/m3IcUwmlOfukk4TKyAIeF7Sca9AYYleki5ldV3NyphLIZ8tWAXIPfxPd8ZeXiQ4Tl6nySko8xyyewHCxiX9HOSR6F11lpCD8GGbhwzzFfDQobcy5Z7PHhLKnvCYCAM4wpN9CBaPtkkMQOGJA3f02GzuJVTiwd4x9EKYLSMkS5X58VqwRIQcgvZx4+MosNneHtiuEr/9skS7laNYab4d4vyPH2JpQxpYDRE5ANleIEkelhrIEOMIcOwjEOGZInmk4FJuMlVGntLPHhQ7z99hGwt/VqvqE3PBo4vzpC0XJMoJZsgKYawKp+phWklhrGmn8jHHQxiKxRy8SjNKs0xKWnZFQGGsESADfDdTVf1wb9pIsjNoRt5ub256TR+ZdKxkWGISJGax5tWsI8VmUNnP9sn+1ILfEicPlI65iFd8EvoYRBo6T5o4I/2h6/HCSy9Jq4EQxhb85Vp2RvgZqkeIiveEy7jl0MtJeejx/F4mF2zMi+hhxjzvpaGuCAphvDjytudUulSPSSb3mS/9GEUYSuuh/inaKCVHEN0zw8AGJZEKVwuhBnnMrc8KZZF7HKXbgXjXEOvJfKw+u4pSH7S9BC7t3leYhFMh2UMIfbccebDPMNitYD6J82QLBdChpFjR+5X/fWYyYSLIycefDd6KTIMn75ikKpVyjD79E4+8zmc7ebdYRPhY8jKxbWXFGTAEMPvFPG6NPWS/AZI/VD3SX4jLFcLD7aMYd0YL39d4RdEjJyfKT3M3SPrDMcYRNj5VjjwLTlN8vBtl9wln8jNWSISg+9ATc/xfeMzZpg0nkf+J3130aYFW164T9mdMHTM3OdK/eLG/rGR4sNMT/N4uvrb6Xpwnvs/t7EF7psJYqGy0tN4itMzk/yKFm5SVoF2byJXbNIZg9bxAsomfeN+w+PjmP0MlT7ePYy+F9vzebv4Hj1ci177SOwPo+1T/K0uXYOXhULufklBy19+Pmd7HiHwzLYs2KyIYdFt3uPLwH0coqygd6VuCbSXHboM3BeZt3KPr/tGBPx+HgIn8QuP34v+M9RQFXXTVrg/omxbVYarh40z7KqOSj5OFIrNo1xTISg2jxJ+910t+s9QQ1W0pofVyrfWQ9X0sBN2kk2FoNg8Svjdd7XoP0MNVdGyHqr4v7doPWRAMZZyTYWgHkNRv/uuFv1nqKEq+q8WLTF8ZtoawzrseFBsHuWaCqGhF6r1sHH0n6GGqtB62LAedvALaR12PCg2j3JNhVAyfx38Qirqd9/Vov8MNVSF1sPG9BAxrdbDJqxcUyEIzl9b8yjhd9/Vov8MNVSF1sPaDJGQ1XpYx8o1FYJi8yjhd9/Vov8MNVSF1sPKDFElq/WwipVrKoSK8/eqeRT3u/dqIcSwO/c0egyth8IM0Uus1kNBtxXTw6Z1Udzvv6uHiD40NJqG1sNShu1YrYclbiuqh03/jz3lfv9NPURaDzVeD62Hiuhhzbqq9VARPaw6j+J+/wU9TP+irmg9VAWiOVC1X75/W7laqTDRnoqW627qaKKH5EAMCw4mQ4bt4MAMC0rfn9BDLNQF5S3rjbKoYNCecc7rl78vZnHOSryOVBFpizFtBcZrMQvRf+AbcaOYWVgEAAAAAElFTkSuQmCC','test type','test climate',0,1,'free','1207','Test Thana',1,'2020-11-15 16:10:02.014001','3','2020-11-15 16:10:02.014001','2',1,3,500,3,NULL),(26,'92.81','23.45',103,'iVBORw0KGgoAAAANSUhEUgAAAOEAAADgCAMAAADCMfHtAAAAgVBMVEX////+/v4AAADw8PD6+vozMzMUFBTu7u6IiIjZ2dkfHx/z8/MjIyOioqLd3d0mJiY/Pz9QUFDn5+d5eXnIyMgbGxvR0dGXl5dUVFQ5OTkMDAyurq7AwMDMzMyTk5MqKipgYGBwcHCkpKRFRUW2trZnZ2eLi4vBwcFsbGyAgIB2dnZbFABBAAAJVElEQVR4nO1ciZKjIBAFdXKZOIk5NPc51/7/B64nNgYU1Cjj8KrcHhWwn3T3A1O1CNUGxvTRP6jPMPWqqpVoi59sMy6UPrYDhq0we01IqRmnTUJNhq2lQzex2uKjfmsWqq8WdaE+Q62HDTL8tZkIoWacNgk1GWo9bMwiyv6aLFRfLepCfYZaDxvVQ0TZX5OJEGrGaZNQk6HWwxfpYVvZWBvqq0VdqM9Q62EjDFGhVT4TIdSM0yahJkOthy/SwbaysTbUV4u6UJ+h1sNaDJGUVTYTIdSM0yahJkOthy/Sv7aysTbUV4u6UJ+h1sNKDFEtq1wmQqgZp01CTYJaD1vWw6azsTbUV4u6IOyQqgy1HgoxzDPNX69nO89ECDXjtEmoSVDrYanuvUYPm8rG2vgDeoi0HnadiXWzEP7d10yEUDNOm4SaBLUelmZXO3pYNStrQ+th9+hED5t5dFN6iIotda3iGK/MxKbFU71ZlJ3BUobd2FZXNeqB1MGKh/rI65nsoT6YniNxG42hlpVVC4EkltbDVitqXe2q0qflyqqhoTxKFQFpPVQdjahFt1ZWLXqnhxoaGt2Dp4EoqwjZBVRuhQ9GLUbF48Rd8NB1xo5rJx6WixnzMnYfp4/F9vx2vyxnGwu+jTLLOfDz8bWKsYm8PyZnK6vAW/v46e+MGPPlwUIiDBlzau19A2L9M35B6R2mw0/CM4s8bchzCw29d8ovY+LZFdZVGD3OxhM+nMaXaGY69lt4Zk1TrzkMkTV7dst4P8g+NhjoyhgowIzJsMZqpJDh86rFXbD9+oRJLaD52LqwBzJ2LpNh9dUMZIhzDJ+GQc6E45fxYcutajzeQPxwqDiPpVEK2ztrnl+GsRdnh0D653Hi56HkMjGdxzKGsJs55xP0StzI6SCVzZPzdJD8+UHKMjUI422nelpg4+58hhjqX9Tth+I0eH/PptST00OUZeF05pi26W4i5diawrPEW0EkNvMaMMTPDCkvj4De++no2vZwnCiaV/RYVtgRwdmNyTXnamxykZDFWv56blj2SdRGXC0wqH4jm1zeBBxnDA6FwOmCwdhC5xzyl+XEGAZ33f1oOdonJdZeecvr8vNg5occHk7hja/wxjjuPI76iDMcZwRvwFeER9IEESI1eRB6Ec8HBm8/fdgPcpfgrdpe6uA6XmYkGYCcZfrOdp5lG6S3oB7GoT0iBJfJnWx5mbUrsgB3MtjiaDPCOGW42LyRlr7lZt2CUyJoGO0NeIOk0yjPsEgPsUUKKVuT5RjConW+LL3D2IRTSBgOoD5d6VruWzgpLSfqukGSfBQOJaoWyCED/Iuv27Zp2hEia9oYti/Rw4ORx+ByGpPNBUwJPmbJdoe1kKzAMPPpEV237+vJZDqdRAjsemEVMqSrOmasuoOYPODkvhDDtR0R3HAblDDMVfwsEpyohttvueHmlrgeYsYkRvDHSJxhtMLDyOfeH0npIcmcMA2Dc1mGeXxyvHo8Rek7vVsbZH/+5KZw7V8v0C2hKCX4Rx4Y32IylMF+YDCxohmuH0MTlEp/436RCF8EQY2W5N6/sATaoHGbDFnp6Y6YC/m3IcUwmlOfukk4TKyAIeF7Sca9AYYleki5ldV3NyphLIZ8tWAXIPfxPd8ZeXiQ4Tl6nySko8xyyewHCxiX9HOSR6F11lpCD8GGbhwzzFfDQobcy5Z7PHhLKnvCYCAM4wpN9CBaPtkkMQOGJA3f02GzuJVTiwd4x9EKYLSMkS5X58VqwRIQcgvZx4+MosNneHtiuEr/9skS7laNYab4d4vyPH2JpQxpYDRE5ANleIEkelhrIEOMIcOwjEOGZInmk4FJuMlVGntLPHhQ7z99hGwt/VqvqE3PBo4vzpC0XJMoJZsgKYawKp+phWklhrGmn8jHHQxiKxRy8SjNKs0xKWnZFQGGsESADfDdTVf1wb9pIsjNoRt5ub256TR+ZdKxkWGISJGax5tWsI8VmUNnP9sn+1ILfEicPlI65iFd8EvoYRBo6T5o4I/2h6/HCSy9Jq4EQxhb85Vp2RvgZqkeIiveEy7jl0MtJeejx/F4mF2zMi+hhxjzvpaGuCAphvDjytudUulSPSSb3mS/9GEUYSuuh/inaKCVHEN0zw8AGJZEKVwuhBnnMrc8KZZF7HKXbgXjXEOvJfKw+u4pSH7S9BC7t3leYhFMh2UMIfbccebDPMNitYD6J82QLBdChpFjR+5X/fWYyYSLIycefDd6KTIMn75ikKpVyjD79E4+8zmc7ebdYRPhY8jKxbWXFGTAEMPvFPG6NPWS/AZI/VD3SX4jLFcLD7aMYd0YL39d4RdEjJyfKT3M3SPrDMcYRNj5VjjwLTlN8vBtl9wln8jNWSISg+9ATc/xfeMzZpg0nkf+J3130aYFW164T9mdMHTM3OdK/eLG/rGR4sNMT/N4uvrb6Xpwnvs/t7EF7psJYqGy0tN4itMzk/yKFm5SVoF2byJXbNIZg9bxAsomfeN+w+PjmP0MlT7ePYy+F9vzebv4Hj1ci177SOwPo+1T/K0uXYOXhULufklBy19+Pmd7HiHwzLYs2KyIYdFt3uPLwH0coqygd6VuCbSXHboM3BeZt3KPr/tGBPx+HgIn8QuP34v+M9RQFXXTVrg/omxbVYarh40z7KqOSj5OFIrNo1xTISg2jxJ+910t+s9QQ1W0pofVyrfWQ9X0sBN2kk2FoNg8Svjdd7XoP0MNVdGyHqr4v7doPWRAMZZyTYWgHkNRv/uuFv1nqKEq+q8WLTF8ZtoawzrseFBsHuWaCqGhF6r1sHH0n6GGqtB62LAedvALaR12PCg2j3JNhVAyfx38Qirqd9/Vov8MNVSF1sPG9BAxrdbDJqxcUyEIzl9b8yjhd9/Vov8MNVSF1sPaDJGQ1XpYx8o1FYJi8yjhd9/Vov8MNVSF1sPKDFElq/WwipVrKoSK8/eqeRT3u/dqIcSwO/c0egyth8IM0Uus1kNBtxXTw6Z1Udzvv6uHiD40NJqG1sNShu1YrYclbiuqh03/jz3lfv9NPURaDzVeD62Hiuhhzbqq9VARPaw6j+J+/wU9TP+irmg9VAWiOVC1X75/W7laqTDRnoqW627qaKKH5EAMCw4mQ4bt4MAMC0rfn9BDLNQF5S3rjbKoYNCecc7rl78vZnHOSryOVBFpizFtBcZrMQvRf+AbcaOYWVgEAAAAAElFTkSuQmCC','test type','test climate',0,1,'partially occupied','1207','Test Thana',1,'2020-11-15 16:10:24.332239','3','2020-11-15 16:10:24.332239','2',1,3,500,3,NULL),(27,'92.81','23.45',103,'iVBORw0KGgoAAAANSUhEUgAAAOEAAADgCAMAAADCMfHtAAAAgVBMVEX////+/v4AAADw8PD6+vozMzMUFBTu7u6IiIjZ2dkfHx/z8/MjIyOioqLd3d0mJiY/Pz9QUFDn5+d5eXnIyMgbGxvR0dGXl5dUVFQ5OTkMDAyurq7AwMDMzMyTk5MqKipgYGBwcHCkpKRFRUW2trZnZ2eLi4vBwcFsbGyAgIB2dnZbFABBAAAJVElEQVR4nO1ciZKjIBAFdXKZOIk5NPc51/7/B64nNgYU1Cjj8KrcHhWwn3T3A1O1CNUGxvTRP6jPMPWqqpVoi59sMy6UPrYDhq0we01IqRmnTUJNhq2lQzex2uKjfmsWqq8WdaE+Q62HDTL8tZkIoWacNgk1GWo9bMwiyv6aLFRfLepCfYZaDxvVQ0TZX5OJEGrGaZNQk6HWwxfpYVvZWBvqq0VdqM9Q62EjDFGhVT4TIdSM0yahJkOthy/SwbaysTbUV4u6UJ+h1sNaDJGUVTYTIdSM0yahJkOthy/Sv7aysTbUV4u6UJ+h1sNKDFEtq1wmQqgZp01CTYJaD1vWw6azsTbUV4u6IOyQqgy1HgoxzDPNX69nO89ECDXjtEmoSVDrYanuvUYPm8rG2vgDeoi0HnadiXWzEP7d10yEUDNOm4SaBLUelmZXO3pYNStrQ+th9+hED5t5dFN6iIotda3iGK/MxKbFU71ZlJ3BUobd2FZXNeqB1MGKh/rI65nsoT6YniNxG42hlpVVC4EkltbDVitqXe2q0qflyqqhoTxKFQFpPVQdjahFt1ZWLXqnhxoaGt2Dp4EoqwjZBVRuhQ9GLUbF48Rd8NB1xo5rJx6WixnzMnYfp4/F9vx2vyxnGwu+jTLLOfDz8bWKsYm8PyZnK6vAW/v46e+MGPPlwUIiDBlzau19A2L9M35B6R2mw0/CM4s8bchzCw29d8ovY+LZFdZVGD3OxhM+nMaXaGY69lt4Zk1TrzkMkTV7dst4P8g+NhjoyhgowIzJsMZqpJDh86rFXbD9+oRJLaD52LqwBzJ2LpNh9dUMZIhzDJ+GQc6E45fxYcutajzeQPxwqDiPpVEK2ztrnl+GsRdnh0D653Hi56HkMjGdxzKGsJs55xP0StzI6SCVzZPzdJD8+UHKMjUI422nelpg4+58hhjqX9Tth+I0eH/PptST00OUZeF05pi26W4i5diawrPEW0EkNvMaMMTPDCkvj4De++no2vZwnCiaV/RYVtgRwdmNyTXnamxykZDFWv56blj2SdRGXC0wqH4jm1zeBBxnDA6FwOmCwdhC5xzyl+XEGAZ33f1oOdonJdZeecvr8vNg5occHk7hja/wxjjuPI76iDMcZwRvwFeER9IEESI1eRB6Ec8HBm8/fdgPcpfgrdpe6uA6XmYkGYCcZfrOdp5lG6S3oB7GoT0iBJfJnWx5mbUrsgB3MtjiaDPCOGW42LyRlr7lZt2CUyJoGO0NeIOk0yjPsEgPsUUKKVuT5RjConW+LL3D2IRTSBgOoD5d6VruWzgpLSfqukGSfBQOJaoWyCED/Iuv27Zp2hEia9oYti/Rw4ORx+ByGpPNBUwJPmbJdoe1kKzAMPPpEV237+vJZDqdRAjsemEVMqSrOmasuoOYPODkvhDDtR0R3HAblDDMVfwsEpyohttvueHmlrgeYsYkRvDHSJxhtMLDyOfeH0npIcmcMA2Dc1mGeXxyvHo8Rek7vVsbZH/+5KZw7V8v0C2hKCX4Rx4Y32IylMF+YDCxohmuH0MTlEp/436RCF8EQY2W5N6/sATaoHGbDFnp6Y6YC/m3IcUwmlOfukk4TKyAIeF7Sca9AYYleki5ldV3NyphLIZ8tWAXIPfxPd8ZeXiQ4Tl6nySko8xyyewHCxiX9HOSR6F11lpCD8GGbhwzzFfDQobcy5Z7PHhLKnvCYCAM4wpN9CBaPtkkMQOGJA3f02GzuJVTiwd4x9EKYLSMkS5X58VqwRIQcgvZx4+MosNneHtiuEr/9skS7laNYab4d4vyPH2JpQxpYDRE5ANleIEkelhrIEOMIcOwjEOGZInmk4FJuMlVGntLPHhQ7z99hGwt/VqvqE3PBo4vzpC0XJMoJZsgKYawKp+phWklhrGmn8jHHQxiKxRy8SjNKs0xKWnZFQGGsESADfDdTVf1wb9pIsjNoRt5ub256TR+ZdKxkWGISJGax5tWsI8VmUNnP9sn+1ILfEicPlI65iFd8EvoYRBo6T5o4I/2h6/HCSy9Jq4EQxhb85Vp2RvgZqkeIiveEy7jl0MtJeejx/F4mF2zMi+hhxjzvpaGuCAphvDjytudUulSPSSb3mS/9GEUYSuuh/inaKCVHEN0zw8AGJZEKVwuhBnnMrc8KZZF7HKXbgXjXEOvJfKw+u4pSH7S9BC7t3leYhFMh2UMIfbccebDPMNitYD6J82QLBdChpFjR+5X/fWYyYSLIycefDd6KTIMn75ikKpVyjD79E4+8zmc7ebdYRPhY8jKxbWXFGTAEMPvFPG6NPWS/AZI/VD3SX4jLFcLD7aMYd0YL39d4RdEjJyfKT3M3SPrDMcYRNj5VjjwLTlN8vBtl9wln8jNWSISg+9ATc/xfeMzZpg0nkf+J3130aYFW164T9mdMHTM3OdK/eLG/rGR4sNMT/N4uvrb6Xpwnvs/t7EF7psJYqGy0tN4itMzk/yKFm5SVoF2byJXbNIZg9bxAsomfeN+w+PjmP0MlT7ePYy+F9vzebv4Hj1ci177SOwPo+1T/K0uXYOXhULufklBy19+Pmd7HiHwzLYs2KyIYdFt3uPLwH0coqygd6VuCbSXHboM3BeZt3KPr/tGBPx+HgIn8QuP34v+M9RQFXXTVrg/omxbVYarh40z7KqOSj5OFIrNo1xTISg2jxJ+910t+s9QQ1W0pofVyrfWQ9X0sBN2kk2FoNg8Svjdd7XoP0MNVdGyHqr4v7doPWRAMZZyTYWgHkNRv/uuFv1nqKEq+q8WLTF8ZtoawzrseFBsHuWaCqGhF6r1sHH0n6GGqtB62LAedvALaR12PCg2j3JNhVAyfx38Qirqd9/Vov8MNVSF1sPG9BAxrdbDJqxcUyEIzl9b8yjhd9/Vov8MNVSF1sPaDJGQ1XpYx8o1FYJi8yjhd9/Vov8MNVSF1sPKDFElq/WwipVrKoSK8/eqeRT3u/dqIcSwO/c0egyth8IM0Uus1kNBtxXTw6Z1Udzvv6uHiD40NJqG1sNShu1YrYclbiuqh03/jz3lfv9NPURaDzVeD62Hiuhhzbqq9VARPaw6j+J+/wU9TP+irmg9VAWiOVC1X75/W7laqTDRnoqW627qaKKH5EAMCw4mQ4bt4MAMC0rfn9BDLNQF5S3rjbKoYNCecc7rl78vZnHOSryOVBFpizFtBcZrMQvRf+AbcaOYWVgEAAAAAElFTkSuQmCC','test type','test climate',0,1,'free','1207','Test Thana',1,'2020-11-15 16:20:04.830533','3','2020-11-15 16:20:04.830533','2',1,3,500,3,NULL),(28,'92.81','23.45',103,'iVBORw0KGgoAAAANSUhEUgAAAOEAAADgCAMAAADCMfHtAAAAgVBMVEX////+/v4AAADw8PD6+vozMzMUFBTu7u6IiIjZ2dkfHx/z8/MjIyOioqLd3d0mJiY/Pz9QUFDn5+d5eXnIyMgbGxvR0dGXl5dUVFQ5OTkMDAyurq7AwMDMzMyTk5MqKipgYGBwcHCkpKRFRUW2trZnZ2eLi4vBwcFsbGyAgIB2dnZbFABBAAAJVElEQVR4nO1ciZKjIBAFdXKZOIk5NPc51/7/B64nNgYU1Cjj8KrcHhWwn3T3A1O1CNUGxvTRP6jPMPWqqpVoi59sMy6UPrYDhq0we01IqRmnTUJNhq2lQzex2uKjfmsWqq8WdaE+Q62HDTL8tZkIoWacNgk1GWo9bMwiyv6aLFRfLepCfYZaDxvVQ0TZX5OJEGrGaZNQk6HWwxfpYVvZWBvqq0VdqM9Q62EjDFGhVT4TIdSM0yahJkOthy/SwbaysTbUV4u6UJ+h1sNaDJGUVTYTIdSM0yahJkOthy/Sv7aysTbUV4u6UJ+h1sNKDFEtq1wmQqgZp01CTYJaD1vWw6azsTbUV4u6IOyQqgy1HgoxzDPNX69nO89ECDXjtEmoSVDrYanuvUYPm8rG2vgDeoi0HnadiXWzEP7d10yEUDNOm4SaBLUelmZXO3pYNStrQ+th9+hED5t5dFN6iIotda3iGK/MxKbFU71ZlJ3BUobd2FZXNeqB1MGKh/rI65nsoT6YniNxG42hlpVVC4EkltbDVitqXe2q0qflyqqhoTxKFQFpPVQdjahFt1ZWLXqnhxoaGt2Dp4EoqwjZBVRuhQ9GLUbF48Rd8NB1xo5rJx6WixnzMnYfp4/F9vx2vyxnGwu+jTLLOfDz8bWKsYm8PyZnK6vAW/v46e+MGPPlwUIiDBlzau19A2L9M35B6R2mw0/CM4s8bchzCw29d8ovY+LZFdZVGD3OxhM+nMaXaGY69lt4Zk1TrzkMkTV7dst4P8g+NhjoyhgowIzJsMZqpJDh86rFXbD9+oRJLaD52LqwBzJ2LpNh9dUMZIhzDJ+GQc6E45fxYcutajzeQPxwqDiPpVEK2ztrnl+GsRdnh0D653Hi56HkMjGdxzKGsJs55xP0StzI6SCVzZPzdJD8+UHKMjUI422nelpg4+58hhjqX9Tth+I0eH/PptST00OUZeF05pi26W4i5diawrPEW0EkNvMaMMTPDCkvj4De++no2vZwnCiaV/RYVtgRwdmNyTXnamxykZDFWv56blj2SdRGXC0wqH4jm1zeBBxnDA6FwOmCwdhC5xzyl+XEGAZ33f1oOdonJdZeecvr8vNg5occHk7hja/wxjjuPI76iDMcZwRvwFeER9IEESI1eRB6Ec8HBm8/fdgPcpfgrdpe6uA6XmYkGYCcZfrOdp5lG6S3oB7GoT0iBJfJnWx5mbUrsgB3MtjiaDPCOGW42LyRlr7lZt2CUyJoGO0NeIOk0yjPsEgPsUUKKVuT5RjConW+LL3D2IRTSBgOoD5d6VruWzgpLSfqukGSfBQOJaoWyCED/Iuv27Zp2hEia9oYti/Rw4ORx+ByGpPNBUwJPmbJdoe1kKzAMPPpEV237+vJZDqdRAjsemEVMqSrOmasuoOYPODkvhDDtR0R3HAblDDMVfwsEpyohttvueHmlrgeYsYkRvDHSJxhtMLDyOfeH0npIcmcMA2Dc1mGeXxyvHo8Rek7vVsbZH/+5KZw7V8v0C2hKCX4Rx4Y32IylMF+YDCxohmuH0MTlEp/436RCF8EQY2W5N6/sATaoHGbDFnp6Y6YC/m3IcUwmlOfukk4TKyAIeF7Sca9AYYleki5ldV3NyphLIZ8tWAXIPfxPd8ZeXiQ4Tl6nySko8xyyewHCxiX9HOSR6F11lpCD8GGbhwzzFfDQobcy5Z7PHhLKnvCYCAM4wpN9CBaPtkkMQOGJA3f02GzuJVTiwd4x9EKYLSMkS5X58VqwRIQcgvZx4+MosNneHtiuEr/9skS7laNYab4d4vyPH2JpQxpYDRE5ANleIEkelhrIEOMIcOwjEOGZInmk4FJuMlVGntLPHhQ7z99hGwt/VqvqE3PBo4vzpC0XJMoJZsgKYawKp+phWklhrGmn8jHHQxiKxRy8SjNKs0xKWnZFQGGsESADfDdTVf1wb9pIsjNoRt5ub256TR+ZdKxkWGISJGax5tWsI8VmUNnP9sn+1ILfEicPlI65iFd8EvoYRBo6T5o4I/2h6/HCSy9Jq4EQxhb85Vp2RvgZqkeIiveEy7jl0MtJeejx/F4mF2zMi+hhxjzvpaGuCAphvDjytudUulSPSSb3mS/9GEUYSuuh/inaKCVHEN0zw8AGJZEKVwuhBnnMrc8KZZF7HKXbgXjXEOvJfKw+u4pSH7S9BC7t3leYhFMh2UMIfbccebDPMNitYD6J82QLBdChpFjR+5X/fWYyYSLIycefDd6KTIMn75ikKpVyjD79E4+8zmc7ebdYRPhY8jKxbWXFGTAEMPvFPG6NPWS/AZI/VD3SX4jLFcLD7aMYd0YL39d4RdEjJyfKT3M3SPrDMcYRNj5VjjwLTlN8vBtl9wln8jNWSISg+9ATc/xfeMzZpg0nkf+J3130aYFW164T9mdMHTM3OdK/eLG/rGR4sNMT/N4uvrb6Xpwnvs/t7EF7psJYqGy0tN4itMzk/yKFm5SVoF2byJXbNIZg9bxAsomfeN+w+PjmP0MlT7ePYy+F9vzebv4Hj1ci177SOwPo+1T/K0uXYOXhULufklBy19+Pmd7HiHwzLYs2KyIYdFt3uPLwH0coqygd6VuCbSXHboM3BeZt3KPr/tGBPx+HgIn8QuP34v+M9RQFXXTVrg/omxbVYarh40z7KqOSj5OFIrNo1xTISg2jxJ+910t+s9QQ1W0pofVyrfWQ9X0sBN2kk2FoNg8Svjdd7XoP0MNVdGyHqr4v7doPWRAMZZyTYWgHkNRv/uuFv1nqKEq+q8WLTF8ZtoawzrseFBsHuWaCqGhF6r1sHH0n6GGqtB62LAedvALaR12PCg2j3JNhVAyfx38Qirqd9/Vov8MNVSF1sPG9BAxrdbDJqxcUyEIzl9b8yjhd9/Vov8MNVSF1sPaDJGQ1XpYx8o1FYJi8yjhd9/Vov8MNVSF1sPKDFElq/WwipVrKoSK8/eqeRT3u/dqIcSwO/c0egyth8IM0Uus1kNBtxXTw6Z1Udzvv6uHiD40NJqG1sNShu1YrYclbiuqh03/jz3lfv9NPURaDzVeD62Hiuhhzbqq9VARPaw6j+J+/wU9TP+irmg9VAWiOVC1X75/W7laqTDRnoqW627qaKKH5EAMCw4mQ4bt4MAMC0rfn9BDLNQF5S3rjbKoYNCecc7rl78vZnHOSryOVBFpizFtBcZrMQvRf+AbcaOYWVgEAAAAAElFTkSuQmCC','test type','test climate',0,1,'partially occupied','1207','Test Thana',1,'2020-11-15 16:20:33.096324','3','2020-11-15 16:20:33.096324','2',1,3,500,3,NULL),(29,'92','23',103,'iVBORw0KGgoAAAANSUhEUgAAAOEAAADgCAMAAADCMfHtAAAAgVBMVEX////+/v4AAADw8PD6+vozMzMUFBTu7u6IiIjZ2dkfHx/z8/MjIyOioqLd3d0mJiY/Pz9QUFDn5+d5eXnIyMgbGxvR0dGXl5dUVFQ5OTkMDAyurq7AwMDMzMyTk5MqKipgYGBwcHCkpKRFRUW2trZnZ2eLi4vBwcFsbGyAgIB2dnZbFABBAAAJVElEQVR4nO1ciZKjIBAFdXKZOIk5NPc51/7/B64nNgYU1Cjj8KrcHhWwn3T3A1O1CNUGxvTRP6jPMPWqqpVoi59sMy6UPrYDhq0we01IqRmnTUJNhq2lQzex2uKjfmsWqq8WdaE+Q62HDTL8tZkIoWacNgk1GWo9bMwiyv6aLFRfLepCfYZaDxvVQ0TZX5OJEGrGaZNQk6HWwxfpYVvZWBvqq0VdqM9Q62EjDFGhVT4TIdSM0yahJkOthy/SwbaysTbUV4u6UJ+h1sNaDJGUVTYTIdSM0yahJkOthy/Sv7aysTbUV4u6UJ+h1sNKDFEtq1wmQqgZp01CTYJaD1vWw6azsTbUV4u6IOyQqgy1HgoxzDPNX69nO89ECDXjtEmoSVDrYanuvUYPm8rG2vgDeoi0HnadiXWzEP7d10yEUDNOm4SaBLUelmZXO3pYNStrQ+th9+hED5t5dFN6iIotda3iGK/MxKbFU71ZlJ3BUobd2FZXNeqB1MGKh/rI65nsoT6YniNxG42hlpVVC4EkltbDVitqXe2q0qflyqqhoTxKFQFpPVQdjahFt1ZWLXqnhxoaGt2Dp4EoqwjZBVRuhQ9GLUbF48Rd8NB1xo5rJx6WixnzMnYfp4/F9vx2vyxnGwu+jTLLOfDz8bWKsYm8PyZnK6vAW/v46e+MGPPlwUIiDBlzau19A2L9M35B6R2mw0/CM4s8bchzCw29d8ovY+LZFdZVGD3OxhM+nMaXaGY69lt4Zk1TrzkMkTV7dst4P8g+NhjoyhgowIzJsMZqpJDh86rFXbD9+oRJLaD52LqwBzJ2LpNh9dUMZIhzDJ+GQc6E45fxYcutajzeQPxwqDiPpVEK2ztrnl+GsRdnh0D653Hi56HkMjGdxzKGsJs55xP0StzI6SCVzZPzdJD8+UHKMjUI422nelpg4+58hhjqX9Tth+I0eH/PptST00OUZeF05pi26W4i5diawrPEW0EkNvMaMMTPDCkvj4De++no2vZwnCiaV/RYVtgRwdmNyTXnamxykZDFWv56blj2SdRGXC0wqH4jm1zeBBxnDA6FwOmCwdhC5xzyl+XEGAZ33f1oOdonJdZeecvr8vNg5occHk7hja/wxjjuPI76iDMcZwRvwFeER9IEESI1eRB6Ec8HBm8/fdgPcpfgrdpe6uA6XmYkGYCcZfrOdp5lG6S3oB7GoT0iBJfJnWx5mbUrsgB3MtjiaDPCOGW42LyRlr7lZt2CUyJoGO0NeIOk0yjPsEgPsUUKKVuT5RjConW+LL3D2IRTSBgOoD5d6VruWzgpLSfqukGSfBQOJaoWyCED/Iuv27Zp2hEia9oYti/Rw4ORx+ByGpPNBUwJPmbJdoe1kKzAMPPpEV237+vJZDqdRAjsemEVMqSrOmasuoOYPODkvhDDtR0R3HAblDDMVfwsEpyohttvueHmlrgeYsYkRvDHSJxhtMLDyOfeH0npIcmcMA2Dc1mGeXxyvHo8Rek7vVsbZH/+5KZw7V8v0C2hKCX4Rx4Y32IylMF+YDCxohmuH0MTlEp/436RCF8EQY2W5N6/sATaoHGbDFnp6Y6YC/m3IcUwmlOfukk4TKyAIeF7Sca9AYYleki5ldV3NyphLIZ8tWAXIPfxPd8ZeXiQ4Tl6nySko8xyyewHCxiX9HOSR6F11lpCD8GGbhwzzFfDQobcy5Z7PHhLKnvCYCAM4wpN9CBaPtkkMQOGJA3f02GzuJVTiwd4x9EKYLSMkS5X58VqwRIQcgvZx4+MosNneHtiuEr/9skS7laNYab4d4vyPH2JpQxpYDRE5ANleIEkelhrIEOMIcOwjEOGZInmk4FJuMlVGntLPHhQ7z99hGwt/VqvqE3PBo4vzpC0XJMoJZsgKYawKp+phWklhrGmn8jHHQxiKxRy8SjNKs0xKWnZFQGGsESADfDdTVf1wb9pIsjNoRt5ub256TR+ZdKxkWGISJGax5tWsI8VmUNnP9sn+1ILfEicPlI65iFd8EvoYRBo6T5o4I/2h6/HCSy9Jq4EQxhb85Vp2RvgZqkeIiveEy7jl0MtJeejx/F4mF2zMi+hhxjzvpaGuCAphvDjytudUulSPSSb3mS/9GEUYSuuh/inaKCVHEN0zw8AGJZEKVwuhBnnMrc8KZZF7HKXbgXjXEOvJfKw+u4pSH7S9BC7t3leYhFMh2UMIfbccebDPMNitYD6J82QLBdChpFjR+5X/fWYyYSLIycefDd6KTIMn75ikKpVyjD79E4+8zmc7ebdYRPhY8jKxbWXFGTAEMPvFPG6NPWS/AZI/VD3SX4jLFcLD7aMYd0YL39d4RdEjJyfKT3M3SPrDMcYRNj5VjjwLTlN8vBtl9wln8jNWSISg+9ATc/xfeMzZpg0nkf+J3130aYFW164T9mdMHTM3OdK/eLG/rGR4sNMT/N4uvrb6Xpwnvs/t7EF7psJYqGy0tN4itMzk/yKFm5SVoF2byJXbNIZg9bxAsomfeN+w+PjmP0MlT7ePYy+F9vzebv4Hj1ci177SOwPo+1T/K0uXYOXhULufklBy19+Pmd7HiHwzLYs2KyIYdFt3uPLwH0coqygd6VuCbSXHboM3BeZt3KPr/tGBPx+HgIn8QuP34v+M9RQFXXTVrg/omxbVYarh40z7KqOSj5OFIrNo1xTISg2jxJ+910t+s9QQ1W0pofVyrfWQ9X0sBN2kk2FoNg8Svjdd7XoP0MNVdGyHqr4v7doPWRAMZZyTYWgHkNRv/uuFv1nqKEq+q8WLTF8ZtoawzrseFBsHuWaCqGhF6r1sHH0n6GGqtB62LAedvALaR12PCg2j3JNhVAyfx38Qirqd9/Vov8MNVSF1sPG9BAxrdbDJqxcUyEIzl9b8yjhd9/Vov8MNVSF1sPaDJGQ1XpYx8o1FYJi8yjhd9/Vov8MNVSF1sPKDFElq/WwipVrKoSK8/eqeRT3u/dqIcSwO/c0egyth8IM0Uus1kNBtxXTw6Z1Udzvv6uHiD40NJqG1sNShu1YrYclbiuqh03/jz3lfv9NPURaDzVeD62Hiuhhzbqq9VARPaw6j+J+/wU9TP+irmg9VAWiOVC1X75/W7laqTDRnoqW627qaKKH5EAMCw4mQ4bt4MAMC0rfn9BDLNQF5S3rjbKoYNCecc7rl78vZnHOSryOVBFpizFtBcZrMQvRf+AbcaOYWVgEAAAAAElFTkSuQmCC','test type','test climate',0,1,'fully occupied','1207','Test Thana',1,'2020-11-16 11:42:53.103417','3','2020-11-15 00:00:00.000000','3',1,3,500,3,NULL);

/*Data for the table `farm_owner` */

insert  into `farm_owner`(`id`,`address`,`crop_list`,`total_land`,`name`,`nid_number`,`photo`,`phone_number`,`secondary_contact`,`post_code`,`permanent_address`,`is_local`,`created_at`,`created_by`,`last_updated_at`,`last_updated_by`,`district_id`,`division_id`,`upazila_id`,`delete_status`) values (1,'Test Address','Fruti, Peddy',2148,'Test name','2848919748','iVBORw0KGgoAAAANSUhEUgAAAOEAAADgCAMAAADCMfHtAAAAgVBMVEX////+/v4AAADw8PD6+vozMzMUFBTu7u6IiIjZ2dkfHx/z8/MjIyOioqLd3d0mJiY/Pz9QUFDn5+d5eXnIyMgbGxvR0dGXl5dUVFQ5OTkMDAyurq7AwMDMzMyTk5MqKipgYGBwcHCkpKRFRUW2trZnZ2eLi4vBwcFsbGyAgIB2dnZbFABBAAAJVElEQVR4nO1ciZKjIBAFdXKZOIk5NPc51/7/B64nNgYU1Cjj8KrcHhWwn3T3A1O1CNUGxvTRP6jPMPWqqpVoi59sMy6UPrYDhq0we01IqRmnTUJNhq2lQzex2uKjfmsWqq8WdaE+Q62HDTL8tZkIoWacNgk1GWo9bMwiyv6aLFRfLepCfYZaDxvVQ0TZX5OJEGrGaZNQk6HWwxfpYVvZWBvqq0VdqM9Q62EjDFGhVT4TIdSM0yahJkOthy/SwbaysTbUV4u6UJ+h1sNaDJGUVTYTIdSM0yahJkOthy/Sv7aysTbUV4u6UJ+h1sNKDFEtq1wmQqgZp01CTYJaD1vWw6azsTbUV4u6IOyQqgy1HgoxzDPNX69nO89ECDXjtEmoSVDrYanuvUYPm8rG2vgDeoi0HnadiXWzEP7d10yEUDNOm4SaBLUelmZXO3pYNStrQ+th9+hED5t5dFN6iIotda3iGK/MxKbFU71ZlJ3BUobd2FZXNeqB1MGKh/rI65nsoT6YniNxG42hlpVVC4EkltbDVitqXe2q0qflyqqhoTxKFQFpPVQdjahFt1ZWLXqnhxoaGt2Dp4EoqwjZBVRuhQ9GLUbF48Rd8NB1xo5rJx6WixnzMnYfp4/F9vx2vyxnGwu+jTLLOfDz8bWKsYm8PyZnK6vAW/v46e+MGPPlwUIiDBlzau19A2L9M35B6R2mw0/CM4s8bchzCw29d8ovY+LZFdZVGD3OxhM+nMaXaGY69lt4Zk1TrzkMkTV7dst4P8g+NhjoyhgowIzJsMZqpJDh86rFXbD9+oRJLaD52LqwBzJ2LpNh9dUMZIhzDJ+GQc6E45fxYcutajzeQPxwqDiPpVEK2ztrnl+GsRdnh0D653Hi56HkMjGdxzKGsJs55xP0StzI6SCVzZPzdJD8+UHKMjUI422nelpg4+58hhjqX9Tth+I0eH/PptST00OUZeF05pi26W4i5diawrPEW0EkNvMaMMTPDCkvj4De++no2vZwnCiaV/RYVtgRwdmNyTXnamxykZDFWv56blj2SdRGXC0wqH4jm1zeBBxnDA6FwOmCwdhC5xzyl+XEGAZ33f1oOdonJdZeecvr8vNg5occHk7hja/wxjjuPI76iDMcZwRvwFeER9IEESI1eRB6Ec8HBm8/fdgPcpfgrdpe6uA6XmYkGYCcZfrOdp5lG6S3oB7GoT0iBJfJnWx5mbUrsgB3MtjiaDPCOGW42LyRlr7lZt2CUyJoGO0NeIOk0yjPsEgPsUUKKVuT5RjConW+LL3D2IRTSBgOoD5d6VruWzgpLSfqukGSfBQOJaoWyCED/Iuv27Zp2hEia9oYti/Rw4ORx+ByGpPNBUwJPmbJdoe1kKzAMPPpEV237+vJZDqdRAjsemEVMqSrOmasuoOYPODkvhDDtR0R3HAblDDMVfwsEpyohttvueHmlrgeYsYkRvDHSJxhtMLDyOfeH0npIcmcMA2Dc1mGeXxyvHo8Rek7vVsbZH/+5KZw7V8v0C2hKCX4Rx4Y32IylMF+YDCxohmuH0MTlEp/436RCF8EQY2W5N6/sATaoHGbDFnp6Y6YC/m3IcUwmlOfukk4TKyAIeF7Sca9AYYleki5ldV3NyphLIZ8tWAXIPfxPd8ZeXiQ4Tl6nySko8xyyewHCxiX9HOSR6F11lpCD8GGbhwzzFfDQobcy5Z7PHhLKnvCYCAM4wpN9CBaPtkkMQOGJA3f02GzuJVTiwd4x9EKYLSMkS5X58VqwRIQcgvZx4+MosNneHtiuEr/9skS7laNYab4d4vyPH2JpQxpYDRE5ANleIEkelhrIEOMIcOwjEOGZInmk4FJuMlVGntLPHhQ7z99hGwt/VqvqE3PBo4vzpC0XJMoJZsgKYawKp+phWklhrGmn8jHHQxiKxRy8SjNKs0xKWnZFQGGsESADfDdTVf1wb9pIsjNoRt5ub256TR+ZdKxkWGISJGax5tWsI8VmUNnP9sn+1ILfEicPlI65iFd8EvoYRBo6T5o4I/2h6/HCSy9Jq4EQxhb85Vp2RvgZqkeIiveEy7jl0MtJeejx/F4mF2zMi+hhxjzvpaGuCAphvDjytudUulSPSSb3mS/9GEUYSuuh/inaKCVHEN0zw8AGJZEKVwuhBnnMrc8KZZF7HKXbgXjXEOvJfKw+u4pSH7S9BC7t3leYhFMh2UMIfbccebDPMNitYD6J82QLBdChpFjR+5X/fWYyYSLIycefDd6KTIMn75ikKpVyjD79E4+8zmc7ebdYRPhY8jKxbWXFGTAEMPvFPG6NPWS/AZI/VD3SX4jLFcLD7aMYd0YL39d4RdEjJyfKT3M3SPrDMcYRNj5VjjwLTlN8vBtl9wln8jNWSISg+9ATc/xfeMzZpg0nkf+J3130aYFW164T9mdMHTM3OdK/eLG/rGR4sNMT/N4uvrb6Xpwnvs/t7EF7psJYqGy0tN4itMzk/yKFm5SVoF2byJXbNIZg9bxAsomfeN+w+PjmP0MlT7ePYy+F9vzebv4Hj1ci177SOwPo+1T/K0uXYOXhULufklBy19+Pmd7HiHwzLYs2KyIYdFt3uPLwH0coqygd6VuCbSXHboM3BeZt3KPr/tGBPx+HgIn8QuP34v+M9RQFXXTVrg/omxbVYarh40z7KqOSj5OFIrNo1xTISg2jxJ+910t+s9QQ1W0pofVyrfWQ9X0sBN2kk2FoNg8Svjdd7XoP0MNVdGyHqr4v7doPWRAMZZyTYWgHkNRv/uuFv1nqKEq+q8WLTF8ZtoawzrseFBsHuWaCqGhF6r1sHH0n6GGqtB62LAedvALaR12PCg2j3JNhVAyfx38Qirqd9/Vov8MNVSF1sPG9BAxrdbDJqxcUyEIzl9b8yjhd9/Vov8MNVSF1sPaDJGQ1XpYx8o1FYJi8yjhd9/Vov8MNVSF1sPKDFElq/WwipVrKoSK8/eqeRT3u/dqIcSwO/c0egyth8IM0Uus1kNBtxXTw6Z1Udzvv6uHiD40NJqG1sNShu1YrYclbiuqh03/jz3lfv9NPURaDzVeD62Hiuhhzbqq9VARPaw6j+J+/wU9TP+irmg9VAWiOVC1X75/W7laqTDRnoqW627qaKKH5EAMCw4mQ4bt4MAMC0rfn9BDLNQF5S3rjbKoYNCecc7rl78vZnHOSryOVBFpizFtBcZrMQvRf+AbcaOYWVgEAAAAAElFTkSuQmCC','01739129488','01911318752','1207','Shyamoli',0,'2020-11-08 05:10:46.746964','1','2020-11-08 05:10:46.747963','1',1,3,500,0),(2,'Test Address updated','Fruti, Peddy',2148,'Test name','2848919748','iVBORw0KGgoAAAANSUhEUgAAAOEAAADgCAMAAADCMfHtAAAAgVBMVEX////+/v4AAADw8PD6+vozMzMUFBTu7u6IiIjZ2dkfHx/z8/MjIyOioqLd3d0mJiY/Pz9QUFDn5+d5eXnIyMgbGxvR0dGXl5dUVFQ5OTkMDAyurq7AwMDMzMyTk5MqKipgYGBwcHCkpKRFRUW2trZnZ2eLi4vBwcFsbGyAgIB2dnZbFABBAAAJVElEQVR4nO1ciZKjIBAFdXKZOIk5NPc51/7/B64nNgYU1Cjj8KrcHhWwn3T3A1O1CNUGxvTRP6jPMPWqqpVoi59sMy6UPrYDhq0we01IqRmnTUJNhq2lQzex2uKjfmsWqq8WdaE+Q62HDTL8tZkIoWacNgk1GWo9bMwiyv6aLFRfLepCfYZaDxvVQ0TZX5OJEGrGaZNQk6HWwxfpYVvZWBvqq0VdqM9Q62EjDFGhVT4TIdSM0yahJkOthy/SwbaysTbUV4u6UJ+h1sNaDJGUVTYTIdSM0yahJkOthy/Sv7aysTbUV4u6UJ+h1sNKDFEtq1wmQqgZp01CTYJaD1vWw6azsTbUV4u6IOyQqgy1HgoxzDPNX69nO89ECDXjtEmoSVDrYanuvUYPm8rG2vgDeoi0HnadiXWzEP7d10yEUDNOm4SaBLUelmZXO3pYNStrQ+th9+hED5t5dFN6iIotda3iGK/MxKbFU71ZlJ3BUobd2FZXNeqB1MGKh/rI65nsoT6YniNxG42hlpVVC4EkltbDVitqXe2q0qflyqqhoTxKFQFpPVQdjahFt1ZWLXqnhxoaGt2Dp4EoqwjZBVRuhQ9GLUbF48Rd8NB1xo5rJx6WixnzMnYfp4/F9vx2vyxnGwu+jTLLOfDz8bWKsYm8PyZnK6vAW/v46e+MGPPlwUIiDBlzau19A2L9M35B6R2mw0/CM4s8bchzCw29d8ovY+LZFdZVGD3OxhM+nMaXaGY69lt4Zk1TrzkMkTV7dst4P8g+NhjoyhgowIzJsMZqpJDh86rFXbD9+oRJLaD52LqwBzJ2LpNh9dUMZIhzDJ+GQc6E45fxYcutajzeQPxwqDiPpVEK2ztrnl+GsRdnh0D653Hi56HkMjGdxzKGsJs55xP0StzI6SCVzZPzdJD8+UHKMjUI422nelpg4+58hhjqX9Tth+I0eH/PptST00OUZeF05pi26W4i5diawrPEW0EkNvMaMMTPDCkvj4De++no2vZwnCiaV/RYVtgRwdmNyTXnamxykZDFWv56blj2SdRGXC0wqH4jm1zeBBxnDA6FwOmCwdhC5xzyl+XEGAZ33f1oOdonJdZeecvr8vNg5occHk7hja/wxjjuPI76iDMcZwRvwFeER9IEESI1eRB6Ec8HBm8/fdgPcpfgrdpe6uA6XmYkGYCcZfrOdp5lG6S3oB7GoT0iBJfJnWx5mbUrsgB3MtjiaDPCOGW42LyRlr7lZt2CUyJoGO0NeIOk0yjPsEgPsUUKKVuT5RjConW+LL3D2IRTSBgOoD5d6VruWzgpLSfqukGSfBQOJaoWyCED/Iuv27Zp2hEia9oYti/Rw4ORx+ByGpPNBUwJPmbJdoe1kKzAMPPpEV237+vJZDqdRAjsemEVMqSrOmasuoOYPODkvhDDtR0R3HAblDDMVfwsEpyohttvueHmlrgeYsYkRvDHSJxhtMLDyOfeH0npIcmcMA2Dc1mGeXxyvHo8Rek7vVsbZH/+5KZw7V8v0C2hKCX4Rx4Y32IylMF+YDCxohmuH0MTlEp/436RCF8EQY2W5N6/sATaoHGbDFnp6Y6YC/m3IcUwmlOfukk4TKyAIeF7Sca9AYYleki5ldV3NyphLIZ8tWAXIPfxPd8ZeXiQ4Tl6nySko8xyyewHCxiX9HOSR6F11lpCD8GGbhwzzFfDQobcy5Z7PHhLKnvCYCAM4wpN9CBaPtkkMQOGJA3f02GzuJVTiwd4x9EKYLSMkS5X58VqwRIQcgvZx4+MosNneHtiuEr/9skS7laNYab4d4vyPH2JpQxpYDRE5ANleIEkelhrIEOMIcOwjEOGZInmk4FJuMlVGntLPHhQ7z99hGwt/VqvqE3PBo4vzpC0XJMoJZsgKYawKp+phWklhrGmn8jHHQxiKxRy8SjNKs0xKWnZFQGGsESADfDdTVf1wb9pIsjNoRt5ub256TR+ZdKxkWGISJGax5tWsI8VmUNnP9sn+1ILfEicPlI65iFd8EvoYRBo6T5o4I/2h6/HCSy9Jq4EQxhb85Vp2RvgZqkeIiveEy7jl0MtJeejx/F4mF2zMi+hhxjzvpaGuCAphvDjytudUulSPSSb3mS/9GEUYSuuh/inaKCVHEN0zw8AGJZEKVwuhBnnMrc8KZZF7HKXbgXjXEOvJfKw+u4pSH7S9BC7t3leYhFMh2UMIfbccebDPMNitYD6J82QLBdChpFjR+5X/fWYyYSLIycefDd6KTIMn75ikKpVyjD79E4+8zmc7ebdYRPhY8jKxbWXFGTAEMPvFPG6NPWS/AZI/VD3SX4jLFcLD7aMYd0YL39d4RdEjJyfKT3M3SPrDMcYRNj5VjjwLTlN8vBtl9wln8jNWSISg+9ATc/xfeMzZpg0nkf+J3130aYFW164T9mdMHTM3OdK/eLG/rGR4sNMT/N4uvrb6Xpwnvs/t7EF7psJYqGy0tN4itMzk/yKFm5SVoF2byJXbNIZg9bxAsomfeN+w+PjmP0MlT7ePYy+F9vzebv4Hj1ci177SOwPo+1T/K0uXYOXhULufklBy19+Pmd7HiHwzLYs2KyIYdFt3uPLwH0coqygd6VuCbSXHboM3BeZt3KPr/tGBPx+HgIn8QuP34v+M9RQFXXTVrg/omxbVYarh40z7KqOSj5OFIrNo1xTISg2jxJ+910t+s9QQ1W0pofVyrfWQ9X0sBN2kk2FoNg8Svjdd7XoP0MNVdGyHqr4v7doPWRAMZZyTYWgHkNRv/uuFv1nqKEq+q8WLTF8ZtoawzrseFBsHuWaCqGhF6r1sHH0n6GGqtB62LAedvALaR12PCg2j3JNhVAyfx38Qirqd9/Vov8MNVSF1sPG9BAxrdbDJqxcUyEIzl9b8yjhd9/Vov8MNVSF1sPaDJGQ1XpYx8o1FYJi8yjhd9/Vov8MNVSF1sPKDFElq/WwipVrKoSK8/eqeRT3u/dqIcSwO/c0egyth8IM0Uus1kNBtxXTw6Z1Udzvv6uHiD40NJqG1sNShu1YrYclbiuqh03/jz3lfv9NPURaDzVeD62Hiuhhzbqq9VARPaw6j+J+/wU9TP+irmg9VAWiOVC1X75/W7laqTDRnoqW627qaKKH5EAMCw4mQ4bt4MAMC0rfn9BDLNQF5S3rjbKoYNCecc7rl78vZnHOSryOVBFpizFtBcZrMQvRf+AbcaOYWVgEAAAAAElFTkSuQmCC','01739129488','01911318752','1207','Shyamoli',0,'2020-11-08 05:19:36.106634','1','2020-11-08 05:19:36.106634','1',1,3,500,1),(3,'Test Address updated','Fruit, Peddy',2148,'Test name','2848919748','iVBORw0KGgoAAAANSUhEUgAAAOEAAADgCAMAAADCMfHtAAAAgVBMVEX////+/v4AAADw8PD6+vozMzMUFBTu7u6IiIjZ2dkfHx/z8/MjIyOioqLd3d0mJiY/Pz9QUFDn5+d5eXnIyMgbGxvR0dGXl5dUVFQ5OTkMDAyurq7AwMDMzMyTk5MqKipgYGBwcHCkpKRFRUW2trZnZ2eLi4vBwcFsbGyAgIB2dnZbFABBAAAJVElEQVR4nO1ciZKjIBAFdXKZOIk5NPc51/7/B64nNgYU1Cjj8KrcHhWwn3T3A1O1CNUGxvTRP6jPMPWqqpVoi59sMy6UPrYDhq0we01IqRmnTUJNhq2lQzex2uKjfmsWqq8WdaE+Q62HDTL8tZkIoWacNgk1GWo9bMwiyv6aLFRfLepCfYZaDxvVQ0TZX5OJEGrGaZNQk6HWwxfpYVvZWBvqq0VdqM9Q62EjDFGhVT4TIdSM0yahJkOthy/SwbaysTbUV4u6UJ+h1sNaDJGUVTYTIdSM0yahJkOthy/Sv7aysTbUV4u6UJ+h1sNKDFEtq1wmQqgZp01CTYJaD1vWw6azsTbUV4u6IOyQqgy1HgoxzDPNX69nO89ECDXjtEmoSVDrYanuvUYPm8rG2vgDeoi0HnadiXWzEP7d10yEUDNOm4SaBLUelmZXO3pYNStrQ+th9+hED5t5dFN6iIotda3iGK/MxKbFU71ZlJ3BUobd2FZXNeqB1MGKh/rI65nsoT6YniNxG42hlpVVC4EkltbDVitqXe2q0qflyqqhoTxKFQFpPVQdjahFt1ZWLXqnhxoaGt2Dp4EoqwjZBVRuhQ9GLUbF48Rd8NB1xo5rJx6WixnzMnYfp4/F9vx2vyxnGwu+jTLLOfDz8bWKsYm8PyZnK6vAW/v46e+MGPPlwUIiDBlzau19A2L9M35B6R2mw0/CM4s8bchzCw29d8ovY+LZFdZVGD3OxhM+nMaXaGY69lt4Zk1TrzkMkTV7dst4P8g+NhjoyhgowIzJsMZqpJDh86rFXbD9+oRJLaD52LqwBzJ2LpNh9dUMZIhzDJ+GQc6E45fxYcutajzeQPxwqDiPpVEK2ztrnl+GsRdnh0D653Hi56HkMjGdxzKGsJs55xP0StzI6SCVzZPzdJD8+UHKMjUI422nelpg4+58hhjqX9Tth+I0eH/PptST00OUZeF05pi26W4i5diawrPEW0EkNvMaMMTPDCkvj4De++no2vZwnCiaV/RYVtgRwdmNyTXnamxykZDFWv56blj2SdRGXC0wqH4jm1zeBBxnDA6FwOmCwdhC5xzyl+XEGAZ33f1oOdonJdZeecvr8vNg5occHk7hja/wxjjuPI76iDMcZwRvwFeER9IEESI1eRB6Ec8HBm8/fdgPcpfgrdpe6uA6XmYkGYCcZfrOdp5lG6S3oB7GoT0iBJfJnWx5mbUrsgB3MtjiaDPCOGW42LyRlr7lZt2CUyJoGO0NeIOk0yjPsEgPsUUKKVuT5RjConW+LL3D2IRTSBgOoD5d6VruWzgpLSfqukGSfBQOJaoWyCED/Iuv27Zp2hEia9oYti/Rw4ORx+ByGpPNBUwJPmbJdoe1kKzAMPPpEV237+vJZDqdRAjsemEVMqSrOmasuoOYPODkvhDDtR0R3HAblDDMVfwsEpyohttvueHmlrgeYsYkRvDHSJxhtMLDyOfeH0npIcmcMA2Dc1mGeXxyvHo8Rek7vVsbZH/+5KZw7V8v0C2hKCX4Rx4Y32IylMF+YDCxohmuH0MTlEp/436RCF8EQY2W5N6/sATaoHGbDFnp6Y6YC/m3IcUwmlOfukk4TKyAIeF7Sca9AYYleki5ldV3NyphLIZ8tWAXIPfxPd8ZeXiQ4Tl6nySko8xyyewHCxiX9HOSR6F11lpCD8GGbhwzzFfDQobcy5Z7PHhLKnvCYCAM4wpN9CBaPtkkMQOGJA3f02GzuJVTiwd4x9EKYLSMkS5X58VqwRIQcgvZx4+MosNneHtiuEr/9skS7laNYab4d4vyPH2JpQxpYDRE5ANleIEkelhrIEOMIcOwjEOGZInmk4FJuMlVGntLPHhQ7z99hGwt/VqvqE3PBo4vzpC0XJMoJZsgKYawKp+phWklhrGmn8jHHQxiKxRy8SjNKs0xKWnZFQGGsESADfDdTVf1wb9pIsjNoRt5ub256TR+ZdKxkWGISJGax5tWsI8VmUNnP9sn+1ILfEicPlI65iFd8EvoYRBo6T5o4I/2h6/HCSy9Jq4EQxhb85Vp2RvgZqkeIiveEy7jl0MtJeejx/F4mF2zMi+hhxjzvpaGuCAphvDjytudUulSPSSb3mS/9GEUYSuuh/inaKCVHEN0zw8AGJZEKVwuhBnnMrc8KZZF7HKXbgXjXEOvJfKw+u4pSH7S9BC7t3leYhFMh2UMIfbccebDPMNitYD6J82QLBdChpFjR+5X/fWYyYSLIycefDd6KTIMn75ikKpVyjD79E4+8zmc7ebdYRPhY8jKxbWXFGTAEMPvFPG6NPWS/AZI/VD3SX4jLFcLD7aMYd0YL39d4RdEjJyfKT3M3SPrDMcYRNj5VjjwLTlN8vBtl9wln8jNWSISg+9ATc/xfeMzZpg0nkf+J3130aYFW164T9mdMHTM3OdK/eLG/rGR4sNMT/N4uvrb6Xpwnvs/t7EF7psJYqGy0tN4itMzk/yKFm5SVoF2byJXbNIZg9bxAsomfeN+w+PjmP0MlT7ePYy+F9vzebv4Hj1ci177SOwPo+1T/K0uXYOXhULufklBy19+Pmd7HiHwzLYs2KyIYdFt3uPLwH0coqygd6VuCbSXHboM3BeZt3KPr/tGBPx+HgIn8QuP34v+M9RQFXXTVrg/omxbVYarh40z7KqOSj5OFIrNo1xTISg2jxJ+910t+s9QQ1W0pofVyrfWQ9X0sBN2kk2FoNg8Svjdd7XoP0MNVdGyHqr4v7doPWRAMZZyTYWgHkNRv/uuFv1nqKEq+q8WLTF8ZtoawzrseFBsHuWaCqGhF6r1sHH0n6GGqtB62LAedvALaR12PCg2j3JNhVAyfx38Qirqd9/Vov8MNVSF1sPG9BAxrdbDJqxcUyEIzl9b8yjhd9/Vov8MNVSF1sPaDJGQ1XpYx8o1FYJi8yjhd9/Vov8MNVSF1sPKDFElq/WwipVrKoSK8/eqeRT3u/dqIcSwO/c0egyth8IM0Uus1kNBtxXTw6Z1Udzvv6uHiD40NJqG1sNShu1YrYclbiuqh03/jz3lfv9NPURaDzVeD62Hiuhhzbqq9VARPaw6j+J+/wU9TP+irmg9VAWiOVC1X75/W7laqTDRnoqW627qaKKH5EAMCw4mQ4bt4MAMC0rfn9BDLNQF5S3rjbKoYNCecc7rl78vZnHOSryOVBFpizFtBcZrMQvRf+AbcaOYWVgEAAAAAElFTkSuQmCC','01739129488','01911318752','1207','Shyamoli',0,'2020-11-09 04:16:08.722265','1','2020-11-09 04:16:08.722265','1',1,3,500,1);

/*Data for the table `farm_upazila` */

insert  into `farm_upazila`(`id`,`name`,`upazila_code`,`district_id`) values (1,'Amtali',NULL,34),(2,'Bamna',NULL,34),(3,'BargunaSadar',NULL,34),(4,'Betagi',NULL,34),(5,'Patharghata',NULL,34),(6,'Taltali',NULL,34),(7,'Muladi',NULL,35),(8,'Babuganj',NULL,35),(9,'Agailjhara',NULL,35),(10,'BarishalSadar',NULL,35),(11,'Bakerganj',NULL,35),(12,'Banaripara ',NULL,35),(13,'Gaurnadi',NULL,35),(14,'Hizla',NULL,35),(15,'Mehendiganj',NULL,35),(16,'Wazirpur',NULL,35),(17,'BholaSadar',NULL,36),(18,'Burhanuddin',NULL,36),(19,'CharFesson',NULL,36),(20,'Doulatkhan',NULL,36),(21,'Lalmohan',NULL,36),(22,'Manpura',NULL,36),(23,'Tazumuddin',NULL,36),(24,'JhalokatiSadar',NULL,37),(25,'Kathalia',NULL,37),(26,'Nalchity',NULL,37),(27,'Rajapur',NULL,37),(28,'Bauphal',NULL,38),(29,'Dashmina',NULL,38),(30,'Galachipa',NULL,38),(31,'Kalapara',NULL,38),(32,'Mirzaganj',NULL,38),(33,'PatuakhaliSadar',NULL,38),(34,'Dumki',NULL,38),(35,'Rangabali',NULL,38),(36,'Bhandaria',NULL,39),(37,'Kawkhali',NULL,39),(38,'Mathbaria',NULL,39),(39,'Nazirpur',NULL,39),(40,'Nesarabad',NULL,39),(41,'PirojpurSadar',NULL,39),(42,'Indurkani',NULL,39),(43,'BandarbanSadar',NULL,40),(44,'Thanchi',NULL,40),(45,'Lama',NULL,40),(46,'Naikhongchhari',NULL,40),(47,'Alikadam',NULL,40),(48,'Rowangchhari',NULL,40),(49,'Ruma',NULL,40),(50,'BrahmanbariaSadar',NULL,41),(51,'Ashuganj',NULL,41),(52,'Nasirnagar',NULL,41),(53,'Nabinagar',NULL,41),(54,'Sarail',NULL,41),(55,'Karnafuli',NULL,43),(56,'Kasba',NULL,41),(57,'Akhaura',NULL,41),(58,'Bancharampur',NULL,41),(59,'Bijoynagar',NULL,41),(60,'ChandpurSadar',NULL,42),(61,'Faridganj',NULL,42),(62,'Haimchar',NULL,42),(63,'Hajiganj',NULL,42),(64,'Kachua',NULL,42),(65,'Matlabnorth',NULL,42),(66,'Matlabsouth',NULL,42),(67,'Shahrasti',NULL,42),(68,'Anwara',NULL,43),(69,'Banshkhali',NULL,43),(70,'Boalkhali',NULL,43),(71,'Chandanaish',NULL,43),(72,'Fatikchhari',NULL,43),(73,'Hathazari',NULL,43),(74,'Lohagara',NULL,43),(75,'Mirsharai',NULL,43),(76,'Patiya ',NULL,43),(77,'Rangunia ',NULL,43),(78,'Raozan ',NULL,43),(79,'Sandwip ',NULL,43),(80,'Satkania',NULL,43),(81,'Sitakunda',NULL,43),(82,'Barura ',NULL,44),(83,'Brahmanpara ',NULL,44),(84,'Burichang',NULL,44),(85,'Chandina ',NULL,44),(86,'Chauddagram ',NULL,44),(87,'Daudkandi ',NULL,44),(88,'Lalmai ',NULL,44),(89,'Homna ',NULL,44),(90,'CumillaSadar',NULL,44),(91,'Laksam ',NULL,44),(92,'Monohargonj',NULL,44),(93,'Meghna ',NULL,44),(94,'Muradnagar ',NULL,44),(95,'Nangalkot ',NULL,44),(96,'SadarSouth',NULL,44),(97,'Titas ',NULL,44),(98,'Chakaria ',NULL,45),(99,'CoxsBazarSadar',NULL,45),(100,'Kutubdia',NULL,45),(101,'Maheshkhali',NULL,45),(102,'Ramu',NULL,45),(103,'Teknaf',NULL,45),(104,'Ukhiya',NULL,45),(105,'Pekua',NULL,45),(106,'FeniSadar',NULL,46),(107,'Chhagalnaiya',NULL,46),(108,'Daganbhuiyan',NULL,46),(109,'Parshuram',NULL,46),(110,'Fulgazi',NULL,46),(111,'Sonagazi',NULL,46),(112,'Dighinala',NULL,47),(113,'KhagrachhariSadar',NULL,47),(114,'Lakshmichhari',NULL,47),(115,'Mahalchhari',NULL,47),(116,'Manikchhari',NULL,47),(117,'Matiranga',NULL,47),(118,'Panchhari',NULL,47),(119,'Ramgarh',NULL,47),(120,'LakshmipurSadar',NULL,48),(121,'Raipur',NULL,48),(122,'Ramganj',NULL,48),(123,'Ramgati',NULL,48),(124,'Kamalnagar',NULL,48),(125,'NoakhaliSadar',NULL,49),(126,'Begumganj',NULL,49),(127,'Chatkhil',NULL,49),(128,'Companiganj',NULL,49),(129,'Senbug',NULL,49),(130,'Hatia',NULL,49),(131,'Kabirhat',NULL,49),(132,'Sonaimuri',NULL,49),(133,'Subarnachar',NULL,49),(134,'RangamatiSadar',NULL,50),(135,'Belaichari',NULL,50),(136,'Baghaichari',NULL,50),(137,'Barkal',NULL,50),(138,'Juraichari',NULL,50),(139,'Rajasthali',NULL,50),(140,'Kaptai',NULL,50),(141,'Langadu',NULL,50),(142,'Naniarchar',NULL,50),(143,'Kawkhali',NULL,50),(144,'Dhamrai',NULL,1),(145,'Dohar',NULL,1),(146,'Keraniganj',NULL,1),(147,'Nawabganj',NULL,1),(148,'Savar',NULL,1),(149,'FaridpurSadar',NULL,2),(150,'Boalmari',NULL,2),(151,'Alfadanga',NULL,2),(152,'Madhukhali',NULL,2),(153,'Bhanga',NULL,2),(154,'Nagarkanda',NULL,2),(155,'Charbhadrasan',NULL,2),(156,'Sadarpur',NULL,2),(157,'Shaltha',NULL,2),(158,'GazipurSadar',NULL,3),(159,'Kaliakair',NULL,3),(160,'Kapasia',NULL,3),(161,'Sripur',NULL,3),(162,'Kaliganj',NULL,3),(163,'Gurudaspur',NULL,21),(164,'GopalganjSadar',NULL,4),(165,'Kashiani',NULL,4),(166,'Kotalipara',NULL,4),(167,'Muksudpur',NULL,4),(168,'Tungipara',NULL,4),(169,'Dewanganj',NULL,5),(170,'Bokshiganj',NULL,5),(171,'Islampur',NULL,5),(172,'JamalpurSadar',NULL,5),(173,'Madarganj',NULL,5),(174,'Melandaha',NULL,5),(175,'Sarishabari',NULL,5),(176,'Austagram',NULL,6),(177,'Bajitpur',NULL,6),(178,'Bhairab',NULL,6),(179,'Hossainpur',NULL,6),(180,'Itna',NULL,6),(181,'Karimganj',NULL,6),(182,'Katiadi',NULL,6),(183,'KishoreganjSadar',NULL,6),(184,'Kuliarchar',NULL,6),(185,'Mithamain',NULL,6),(186,'Nikli',NULL,6),(187,'Pakundia',NULL,6),(188,'Tarail',NULL,6),(189,'MadaripurSadar',NULL,7),(190,'Kalkini',NULL,7),(191,'Rajoir',NULL,7),(192,'Shibchar',NULL,7),(193,'ManikganjSadar',NULL,8),(194,'Singair',NULL,8),(195,'Shibalaya',NULL,8),(196,'Saturia',NULL,8),(197,'Harirampur',NULL,8),(198,'Ghior',NULL,8),(199,'Daulatpur',NULL,8),(200,'Lohajang',NULL,9),(201,'Sreenagar',NULL,9),(202,'MunshiganjSadar',NULL,9),(203,'Sirajdikhan',NULL,9),(204,'Tongibari',NULL,9),(205,'Gazaria',NULL,9),(206,'Bhaluka',NULL,10),(207,'Trishal',NULL,10),(208,'Haluaghat',NULL,10),(209,'Muktagachha',NULL,10),(210,'Dhobaura',NULL,10),(211,'Fulbaria',NULL,10),(212,'Gaffargaon',NULL,10),(213,'Gauripur',NULL,10),(214,'Ishwarganj',NULL,10),(215,'MymensinghSadar',NULL,10),(216,'Nandail',NULL,10),(217,'Phulpur',NULL,10),(218,'Araihazar',NULL,11),(219,'Sonargaon',NULL,11),(220,'Bandar',NULL,11),(221,'NarayanganjSadar',NULL,11),(222,'Rupganj',NULL,11),(223,'Belabo',NULL,12),(224,'Monohardi',NULL,12),(225,'NarsingdiSadar ',NULL,12),(226,'Palash',NULL,12),(227,'Raipura',NULL,12),(228,'Shibpur',NULL,12),(229,'Kendua',NULL,13),(230,'Atpara',NULL,13),(231,'Barhatta',NULL,13),(232,'Durgapur',NULL,13),(233,'Kalmakanda',NULL,13),(234,'Madan',NULL,13),(235,'Mohanganj',NULL,13),(236,'NetrokonaSadar',NULL,13),(237,'Purbadhala',NULL,13),(238,'Khaliajuri',NULL,13),(239,'Baliakandi',NULL,14),(240,'Goalanda',NULL,14),(241,'Pangsha',NULL,14),(242,'Kalukhali',NULL,14),(243,'RajbariSadar',NULL,14),(244,'ShariatpurSadar',NULL,15),(245,'Damudya',NULL,15),(246,'Naria ',NULL,15),(247,'Zajira',NULL,15),(248,'Bhedarganj',NULL,15),(249,'Gosairhat',NULL,15),(250,'Jhenaigati',NULL,16),(251,'Nakla',NULL,16),(252,'Nalitabari',NULL,16),(253,'SherpurSadar',NULL,16),(254,'Sreebardi',NULL,16),(255,'TangailSadar',NULL,17),(256,'Sakhipur',NULL,17),(257,'Basail',NULL,17),(258,'Madhupur',NULL,17),(259,'Ghatail',NULL,17),(260,'Kalihati',NULL,17),(261,'Nagarpur',NULL,17),(262,'Mirzapur',NULL,17),(263,'Gopalpur',NULL,17),(264,'Delduar',NULL,17),(265,'Bhuapur',NULL,17),(266,'Dhanbari',NULL,17),(267,'BagerhatSadar',NULL,55),(268,'Chitalmari',NULL,55),(269,'Fakirhat',NULL,55),(270,'Kachua',NULL,55),(271,'Mollahat ',NULL,55),(272,'Mongla',NULL,55),(273,'Morrelganj',NULL,55),(274,'Rampal',NULL,55),(275,'Sarankhola',NULL,55),(276,'Damurhuda',NULL,56),(277,'ChuadangaSadar',NULL,56),(278,'Jibannagar',NULL,56),(279,'Alamdanga',NULL,56),(280,'Abhaynagar',NULL,57),(281,'Keshabpur',NULL,57),(282,'Bagherpara',NULL,57),(283,'JashoreSadar',NULL,57),(284,'Chaugachha',NULL,57),(285,'Manirampur',NULL,57),(286,'Jhikargachha',NULL,57),(287,'Sharsha',NULL,57),(288,'JhenaidahSadar',NULL,58),(289,'Maheshpur',NULL,58),(290,'Kaliganj',NULL,58),(291,'Kotchandpur',NULL,58),(292,'Shailkupa',NULL,58),(293,'Harinakundu',NULL,58),(294,'Terokhada',NULL,59),(295,'Batiaghata',NULL,59),(296,'Dacope',NULL,59),(297,'Dumuria',NULL,59),(298,'Dighalia',NULL,59),(299,'Koyra',NULL,59),(300,'Paikgachha',NULL,59),(301,'Phultala',NULL,59),(302,'Rupsa',NULL,59),(303,'KushtiaSadar',NULL,60),(304,'Kumarkhali',NULL,60),(305,'Daulatpur',NULL,60),(306,'Mirpur',NULL,60),(307,'Bheramara',NULL,60),(308,'Khoksa',NULL,60),(309,'MaguraSadar',NULL,61),(310,'Mohammadpur',NULL,61),(311,'Shalikha',NULL,61),(312,'Sreepur',NULL,61),(313,'Gangni',NULL,62),(314,'MujibNagar',NULL,62),(315,'MeherpurSadar',NULL,62),(316,'NarailSadar',NULL,63),(317,'Lohagara',NULL,63),(318,'Kalia',NULL,63),(319,'SatkhiraSadar',NULL,64),(320,'Assasuni',NULL,64),(321,'Debhata',NULL,64),(322,'Tala',NULL,64),(323,'Kalaroa',NULL,64),(324,'Kaliganj',NULL,64),(325,'Shyamnagar ',NULL,64),(326,'Adamdighi',NULL,18),(327,'BograSadar',NULL,18),(328,'Sherpur',NULL,18),(329,'Dhunat',NULL,18),(330,'Dhupchanchia',NULL,18),(331,'Gabtali',NULL,18),(332,'Kahaloo',NULL,18),(333,'Nandigram',NULL,18),(334,'Shajahanpur',NULL,18),(335,'Sariakandi',NULL,18),(336,'Shibganj',NULL,18),(337,'Sonatala',NULL,18),(338,'JoypurhatSadar',NULL,19),(339,'Akkelpur',NULL,19),(340,'Kalai',NULL,19),(341,'Khetlal',NULL,19),(342,'Panchbibi',NULL,19),(343,'NaogaonSadar ',NULL,20),(344,'Mohadevpur',NULL,20),(345,'Manda',NULL,20),(346,'Niamatpur ',NULL,20),(347,'Atrai',NULL,20),(348,'Raninagar',NULL,20),(349,'Patnitala ',NULL,20),(350,'Dhamoirhat',NULL,20),(351,'Sapahar',NULL,20),(352,'Porsha',NULL,20),(353,'Badalgachhi',NULL,20),(354,'NatoreSadar',NULL,21),(355,'Baraigram',NULL,21),(356,'Bagatipara',NULL,21),(357,'Lalpur',NULL,21),(358,'Singra',NULL,21),(359,'Naldanga',NULL,21),(360,'Bholahat',NULL,22),(361,'Gomastapur',NULL,22),(362,'Nachole',NULL,22),(363,'ChapainawabganjSadar',NULL,22),(364,'Shibganj',NULL,22),(365,'Atgharia',NULL,23),(366,'Bera',NULL,23),(367,'Bhangura',NULL,23),(368,'Chatmohar',NULL,23),(369,'Faridpur',NULL,23),(370,'Ishwardi',NULL,23),(371,'PabnaSadar',NULL,23),(372,'Santhia',NULL,23),(373,'Sujanagar',NULL,23),(374,'Bagha',NULL,24),(375,'Bagmara',NULL,24),(376,'Charghat',NULL,24),(377,'Durgapur',NULL,24),(378,'Godagari',NULL,24),(379,'Mohanpur',NULL,24),(380,'Paba',NULL,24),(381,'Puthia',NULL,24),(382,'Tanore',NULL,24),(383,'SirajganjSadar',NULL,25),(384,'Belkuchi',NULL,25),(385,'Chauhali',NULL,25),(386,'Kamarkhanda',NULL,25),(387,'Kazipur',NULL,25),(388,'Raigonj',NULL,25),(389,'Shahjadpur',NULL,25),(390,'Tarash',NULL,25),(391,'Ullapara',NULL,25),(392,'Birampur',NULL,26),(393,'Birganj',NULL,26),(394,'Biral',NULL,26),(395,'Bochaganj',NULL,26),(396,'Chirirbandar',NULL,26),(397,'Fulbari',NULL,26),(398,'Ghoraghat',NULL,26),(399,'Hakimpur',NULL,26),(400,'Kaharole',NULL,26),(401,'Khansama',NULL,26),(402,'DinajpurSadar',NULL,26),(403,'Nawabganj',NULL,26),(404,'Parbatipur',NULL,26),(405,'Fulchhari',NULL,27),(406,'GaibandhaSadar',NULL,27),(407,'Gobindaganj',NULL,27),(408,'Palashbari',NULL,27),(409,'Sadullapur',NULL,27),(410,'Saghata',NULL,27),(411,'Sundarganj',NULL,27),(412,'KurigramSadar',NULL,28),(413,'Nageshwari',NULL,28),(414,'Bhurungamari',NULL,28),(415,'Phulbari',NULL,28),(416,'Rajarhat',NULL,28),(417,'Ulipur',NULL,28),(418,'Chilmari',NULL,28),(419,'Rowmari',NULL,28),(420,'CharRajibpur',NULL,28),(421,'LalmonirhatSadar',NULL,29),(422,'Aditmari',NULL,29),(423,'Kaliganj',NULL,29),(424,'Hatibandha',NULL,29),(425,'Patgram',NULL,29),(426,'NilphamariSadar',NULL,30),(427,'Saidpur',NULL,30),(428,'Jaldhaka',NULL,30),(429,'Kishoreganj',NULL,30),(430,'Domar',NULL,30),(431,'Dimla',NULL,30),(432,'PanchagarhSadar',NULL,31),(433,'Debiganj',NULL,31),(434,'Boda',NULL,31),(435,'Atwari',NULL,31),(436,'Tetulia',NULL,31),(437,'Badarganj',NULL,32),(438,'Mithapukur',NULL,32),(439,'Gangachara',NULL,32),(440,'Kaunia',NULL,32),(441,'RangpurSadar',NULL,32),(442,'Pirgachha',NULL,32),(443,'Pirganj',NULL,32),(444,'Taraganj',NULL,32),(445,'ThakurgaonSadar',NULL,33),(446,'Pirganj',NULL,33),(447,'Baliadangi',NULL,33),(448,'Haripur',NULL,33),(449,'Ranisankail',NULL,33),(450,'Ajmiriganj',NULL,51),(451,'Baniachong',NULL,51),(452,'Bahubal',NULL,51),(453,'Chunarughat',NULL,51),(454,'HabiganjSadar',NULL,51),(455,'Lakhai',NULL,51),(456,'Madhabpur',NULL,51),(457,'Nabiganj',NULL,51),(458,'Shayestaganj',NULL,51),(459,'MoulvibazarSadar',NULL,52),(460,'Barlekha',NULL,52),(461,'Juri',NULL,52),(462,'Kamalganj',NULL,52),(463,'Kulaura',NULL,52),(464,'Rajnagar',NULL,52),(465,'Sreemangal',NULL,52),(466,'Bishwambarpur',NULL,53),(467,'Chhatak',NULL,53),(468,'Derai',NULL,53),(469,'Dharampasha',NULL,53),(470,'Dowarabazar',NULL,53),(471,'Jagannathpur',NULL,53),(472,'Jamalganj',NULL,53),(473,'Shalla',NULL,53),(474,'SunamganjSadar',NULL,53),(475,'SouthSunamganj',NULL,53),(476,'Tahirpur',NULL,53),(477,'SylhetSadar',NULL,54),(478,'Beanibazar',NULL,54),(479,'Bishwanath',NULL,54),(480,'SouthSurma',NULL,54),(481,'Balaganj',NULL,54),(482,'Companiganj',NULL,54),(483,'Fenchuganj',NULL,54),(484,'Golapganj',NULL,54),(485,'Gowainghat',NULL,54),(486,'Jaintiapur',NULL,54),(487,'Kanaighat',NULL,54),(488,'Zakiganj',NULL,54),(489,'Osmaninagar',NULL,54),(490,'DhakaNorthCityCorporation',NULL,1),(491,'DhakaSouthCityCorporation',NULL,1),(492,'Debidwar',NULL,44),(493,'Guimara',NULL,47),(495,'Tarakanda',NULL,10),(496,'RajshahiCityCorporation',NULL,24),(497,'KhulnaCityCorporation',NULL,59),(498,'ChattogramCityCorporation',NULL,43),(499,'CumillaCityCorporation',NULL,44),(500,'GazipurCityCorporation',NULL,3),(501,'NarayanganjCitycorporation',NULL,11),(502,'BarishalCityCorporation',NULL,35),(503,'MymensinghCityCorporation',NULL,10),(504,'RangpurCityCorporation',NULL,32),(505,'SylhetCityCorporation',NULL,54);

/*Data for the table `farming_plot` */

insert  into `farming_plot`(`id`,`seed_procurement`,`costing`,`expected_harvesting_time`,`start_time`,`crop_status`,`total_labor_hour`,`fertilizers`,`created_at`,`created_by`,`last_updated_at`,`last_updated_by`,`plot_id`,`farmer_id`,`seeding_id`,`sensor_data_harvesting`,`sensor_data_seeding`,`classification`,`crop_id`,`type_id`,`comment`) values (1,'self',1250,20,'2020-11-12 09:05:58.319731','damaged',20,'N, P, K','2020-11-12 09:05:58.319731','1','2020-11-11 00:00:00.000000','3',NULL,1,17,NULL,NULL,0,NULL,NULL,NULL),(2,'self',1350,20,'2020-11-15 10:00:16.879614','damaged',20,'N, P, K','2020-11-15 10:00:16.879614','1','2020-11-11 00:00:00.000000','3',NULL,1,17,NULL,NULL,0,NULL,NULL,NULL),(3,'self',1550,20,'2020-11-15 10:00:29.257447','damaged',20,'N, P, K','2020-11-15 10:00:29.257447','1','2020-11-11 00:00:00.000000','3',NULL,1,17,NULL,NULL,0,NULL,NULL,NULL),(4,'self',1550,20,'2020-11-15 14:08:32.651700','fully harvested',20,'N, P, K','2020-11-15 14:08:32.651700','1','2020-11-11 00:00:00.000000','3',NULL,1,20,NULL,NULL,0,NULL,NULL,NULL),(5,'self',1550,20,'2020-11-15 14:09:05.787539','fully harvested',20,'N, P, K','2020-11-15 14:09:05.787539','1','2020-11-11 00:00:00.000000','3',NULL,1,21,NULL,NULL,0,NULL,NULL,NULL),(6,'self',1550,20,'2020-11-15 14:09:09.613230','fully harvested',20,'N, P, K','2020-11-15 14:09:09.613230','1','2020-11-11 00:00:00.000000','3',NULL,1,22,NULL,NULL,0,NULL,NULL,NULL),(7,'self',1550,20,'2020-11-15 14:09:13.757048','fully harvested',20,'N, P, K','2020-11-15 14:09:13.757048','1','2020-11-11 00:00:00.000000','3',NULL,1,23,NULL,NULL,0,NULL,NULL,NULL),(8,'self24',1550,20,'2020-11-15 14:21:30.492625','fully harvested',20,'N, P, K','2020-11-15 14:21:30.492625','1','2020-11-11 00:00:00.000000','3',NULL,1,24,NULL,NULL,0,NULL,NULL,NULL),(9,'self25-1',1550,20,'2020-11-15 14:30:18.420633','fully harvested',20,'N, P, K','2020-11-15 14:30:18.420633','1','2020-11-11 00:00:00.000000','3',NULL,1,25,NULL,NULL,0,NULL,NULL,NULL),(10,'self25-2',1550,20,'2020-11-15 14:30:22.384596','fully harvested',20,'N, P, K','2020-11-15 14:30:22.384596','1','2020-11-11 00:00:00.000000','3',NULL,1,25,NULL,NULL,0,NULL,NULL,NULL),(11,'self26-1',1550,20,'2020-11-15 16:01:21.068131','fully harvested',20,'N, P, K','2020-11-15 16:01:21.068131','1','2020-11-11 00:00:00.000000','3',NULL,1,26,NULL,NULL,0,NULL,NULL,NULL),(12,'self26-2',1550,20,'2020-11-15 16:01:24.282548','fully harvested',20,'N, P, K','2020-11-15 16:01:24.282548','1','2020-11-11 00:00:00.000000','3',NULL,1,26,NULL,NULL,0,NULL,NULL,NULL),(13,'self27-1',1550,20,'2020-11-15 16:15:13.144185','damaged',20,'N, P, K','2020-11-15 16:15:13.144185','1','2020-11-11 00:00:00.000000','3',NULL,1,27,NULL,NULL,0,NULL,NULL,NULL),(14,'self27-2',1550,20,'2020-11-15 16:15:28.555243','damaged',20,'N, P, K','2020-11-15 16:15:28.555243','1','2020-11-15 16:15:28.555243','1',NULL,1,27,NULL,NULL,0,NULL,NULL,NULL),(15,'self29-1',1550,20,'2020-11-15 16:22:27.139634','fully harvested',20,'N, P, K','2020-11-15 16:22:27.139634','1','2020-11-11 00:00:00.000000','3',NULL,1,29,NULL,NULL,0,NULL,NULL,NULL),(16,'self29-2',1550,20,'2020-11-15 16:22:30.365377','fully harvested',30,'updated N, P, updated K','2020-11-15 16:22:30.365377','1','2020-11-11 00:00:00.000000','1','16',1,29,NULL,NULL,0,NULL,NULL,NULL),(17,'plot1',1550,20,'2020-11-16 11:01:00.571528','fully harvested',20,'N, P, K','2020-11-16 11:01:00.571528','1','2020-11-11 00:00:00.000000','3',NULL,1,37,NULL,NULL,0,NULL,NULL,NULL),(18,'plot2',1550,20,'2020-11-16 11:25:39.188368','ready',20,'N, P, K','2020-11-16 11:25:39.188368','1','2020-11-16 11:25:39.188368','1',NULL,1,29,NULL,NULL,0,NULL,NULL,NULL),(19,'plot2',1550,20,'2020-11-16 11:26:23.402852','ready',20,'N, P, K','2020-11-16 11:26:23.402852','1','2020-11-16 11:26:23.402852','1',NULL,1,28,NULL,NULL,0,NULL,NULL,NULL),(20,'plot1',1550,20,'2020-11-16 11:44:50.384723','damaged',20,'N, P, K','2020-11-16 11:44:50.384723','1','2020-11-15 00:00:00.000000','3',NULL,1,39,NULL,NULL,0,NULL,NULL,NULL),(21,'plot2',1550,20,'2020-11-16 11:44:53.530481','damaged',20,'N, P, K','2020-11-16 11:44:53.530481','1','2020-11-15 00:00:00.000000','3',NULL,1,39,NULL,NULL,0,NULL,NULL,NULL),(22,'plot1',1550,20,'2020-11-16 11:45:14.322288','damaged',20,'N, P, K','2020-11-16 11:45:14.322288','1','2020-11-15 00:00:00.000000','3',NULL,1,40,NULL,NULL,0,NULL,NULL,NULL),(23,'plot2',1550,20,'2020-11-16 11:45:18.073957','damaged',20,'N, P, K','2020-11-16 11:45:18.073957','1','2020-11-15 00:00:00.000000','3',NULL,1,40,NULL,NULL,0,NULL,NULL,NULL);

/*Data for the table `farming_plotstatuslog` */

insert  into `farming_plotstatuslog`(`id`,`crop_status`,`created_at`,`created_by`,`last_updated_at`,`last_updated_by`,`plot_id`) values (56,'fully harvested','2020-11-15 14:11:00.219887',NULL,'2020-11-11 00:00:00.000000','3',4),(57,'fully harvested','2020-11-15 14:14:05.867313',NULL,'2020-11-11 00:00:00.000000','3',4),(58,'fully harvested','2020-11-15 14:19:09.713559',NULL,'2020-11-11 00:00:00.000000','3',5),(59,'fully harvested','2020-11-15 14:19:14.537740',NULL,'2020-11-11 00:00:00.000000','3',6),(60,'fully harvested','2020-11-15 14:20:25.318735',NULL,'2020-11-11 00:00:00.000000','3',7),(61,'fully harvested','2020-11-15 14:22:04.065555',NULL,'2020-11-11 00:00:00.000000','3',8),(62,'growing','2020-11-15 14:31:10.815016',NULL,'2020-11-11 00:00:00.000000','3',9),(63,'growing','2020-11-15 14:32:10.721338',NULL,'2020-11-11 00:00:00.000000','3',10),(64,'partially harvested','2020-11-15 14:32:58.619393',NULL,'2020-11-11 00:00:00.000000','3',10),(65,'partially harvested','2020-11-15 14:40:14.624562',NULL,'2020-11-11 00:00:00.000000','3',9),(66,'fully harvested','2020-11-15 14:40:50.129326',NULL,'2020-11-11 00:00:00.000000','3',9),(67,'fully harvested','2020-11-15 14:43:43.115545',NULL,'2020-11-11 00:00:00.000000','3',10),(68,'fully harvested','2020-11-15 16:00:11.109939',NULL,'2020-11-11 00:00:00.000000','3',10),(69,'fully harvested','2020-11-15 16:02:05.839759',NULL,'2020-11-11 00:00:00.000000','3',11),(70,'fully harvested','2020-11-15 16:02:47.655281',NULL,'2020-11-11 00:00:00.000000','3',12),(71,'fully harvested','2020-11-15 16:16:24.021356',NULL,'2020-11-11 00:00:00.000000','3',13),(72,'fully harvested','2020-11-15 16:23:09.849780',NULL,'2020-11-11 00:00:00.000000','3',13),(73,'fully harvested','2020-11-15 16:23:26.548873',NULL,'2020-11-11 00:00:00.000000','3',15),(74,'fully harvested','2020-11-15 16:24:22.464657',NULL,'2020-11-11 00:00:00.000000','3',16),(75,'fully harvested','2020-11-16 11:01:46.996572',NULL,'2020-11-11 00:00:00.000000','3',17),(76,'damaged','2020-11-16 12:45:15.870308',NULL,'2020-11-16 00:00:00.000000','3',20),(77,'damaged','2020-11-16 12:45:15.909809',NULL,'2020-11-16 00:00:00.000000','3',21),(78,'damaged','2020-11-16 12:45:15.985264',NULL,'2020-11-16 00:00:00.000000','3',22),(79,'damaged','2020-11-16 12:45:16.043324',NULL,'2020-11-16 00:00:00.000000','3',23),(80,'damaged','2020-11-16 12:47:46.621412',NULL,'2020-11-15 00:00:00.000000','3',20),(81,'damaged','2020-11-16 12:47:46.679257',NULL,'2020-11-15 00:00:00.000000','3',21),(82,'damaged','2020-11-16 12:47:46.713112',NULL,'2020-11-15 00:00:00.000000','3',22),(83,'damaged','2020-11-16 12:47:46.745727',NULL,'2020-11-15 00:00:00.000000','3',23),(84,'damaged','2020-11-16 12:53:00.638136',NULL,'2020-11-15 00:00:00.000000','3',20),(85,'damaged','2020-11-16 12:53:00.670052',NULL,'2020-11-15 00:00:00.000000','3',21),(86,'damaged','2020-11-16 12:53:00.770027',NULL,'2020-11-15 00:00:00.000000','3',22),(87,'damaged','2020-11-16 12:53:00.819458',NULL,'2020-11-15 00:00:00.000000','3',23);

/*Data for the table `farming_seeding` */

insert  into `farming_seeding`(`id`,`land_usage`,`status`,`created_at`,`created_by`,`last_updated_at`,`last_updated_by`,`land_id`,`seed_name`) values (7,30,NULL,'2020-11-11 10:26:37.929185','2','2020-11-11 10:26:37.929185','2',3,NULL),(8,30,NULL,'2020-11-11 10:32:43.576036','2','2020-11-11 10:32:43.576036','2',3,NULL),(9,30,NULL,'2020-11-11 10:36:12.161410','2','2020-11-11 10:36:12.161410','2',3,'test'),(10,30,NULL,'2020-11-11 11:25:41.762681','2','2020-11-11 11:25:41.762681','2',4,'test'),(11,30,NULL,'2020-11-11 11:44:57.775779','2','2020-11-11 11:44:57.775779','2',4,'test'),(12,30,NULL,'2020-11-11 11:44:58.885292','2','2020-11-11 11:44:58.885292','2',4,'test'),(13,30,NULL,'2020-11-11 12:02:55.097422','2','2020-11-11 12:02:55.097422','2',1,'test'),(14,30,NULL,'2020-11-11 12:03:30.588280','2','2020-11-11 12:03:30.588280','2',1,'test'),(15,30,NULL,'2020-11-11 12:03:32.388067','2','2020-11-11 12:03:32.388067','2',1,'test'),(16,10,NULL,'2020-11-11 12:03:40.212639','2','2020-11-11 12:03:40.212639','2',1,'test'),(17,10,'damaged','2020-11-12 06:19:29.040352','2','2020-11-12 06:19:29.040352','2',2,'test1'),(18,90,'ready','2020-11-12 06:22:51.833080','2','2020-11-12 06:22:51.833080','2',2,'test2'),(19,10,'ready','2020-11-15 12:21:23.116124','2','2020-11-15 12:21:23.116124','2',2,'test'),(20,10,'fully harvested','2020-11-15 14:05:29.489114','2','2020-11-15 14:05:29.489114','2',23,'test23'),(21,50,'fully harvested','2020-11-15 14:06:21.163487','2','2020-11-15 14:06:21.163487','2',23,'test23'),(22,30,'fully harvested','2020-11-15 14:06:25.379128','2','2020-11-15 14:06:25.379128','2',23,'test23'),(23,10,'fully harvested','2020-11-15 14:07:05.378068','2','2020-11-15 14:07:05.378068','2',23,'test23'),(24,10,'fully harvested','2020-11-15 14:17:36.291173','2','2020-11-15 14:17:36.291173','2',23,'test23'),(25,50,'fully harvested','2020-11-15 14:29:39.443013','2','2020-11-15 14:29:39.443013','2',23,'test23'),(26,25,'fully harvested','2020-11-15 15:58:21.480806','2','2020-11-15 15:58:21.480806','2',24,'test24-s1'),(27,0,'ready','2020-11-15 16:11:52.213316','2','2020-11-15 16:11:52.213316','2',26,'test26-s1'),(28,25,'ready','2020-11-15 16:12:37.303529','2','2020-11-15 16:12:37.303529','2',26,'test update'),(29,0,'fully harvested','2020-11-15 16:21:11.103433','2','2020-11-15 16:21:11.103433','2',28,'test28-s1'),(30,50,'ready','2020-11-16 10:35:32.026984','2','2020-11-16 10:35:32.026984','2',NULL,'16Novs1'),(31,50,'ready','2020-11-16 10:37:45.282302','2','2020-11-16 10:37:45.282302','2',NULL,'16Novs2'),(32,50,'ready','2020-11-16 10:38:56.112851','2','2020-11-16 10:38:56.112851','2',NULL,'16Novs3'),(33,50,'ready','2020-11-16 10:41:15.684675','2','2020-11-16 10:41:15.684675','2',NULL,'16Novs3'),(34,50,'ready','2020-11-16 10:43:55.644900','2','2020-11-16 10:43:55.644900','2',NULL,'16Novs5'),(35,50,'ready','2020-11-16 10:44:39.396568','2','2020-11-16 10:44:39.396568','2',NULL,'16Novs5'),(36,50,'ready','2020-11-16 10:45:40.742684','2','2020-11-16 10:45:40.742684','2',NULL,'16Novs5'),(37,0,'fully harvested','2020-11-16 10:50:49.524000','2','2020-11-16 10:50:49.524000','2',28,'16Novs5'),(38,50,'ready','2020-11-16 10:52:10.962361','2','2020-11-16 10:52:10.962361','2',28,'16Novs5'),(39,50,'damaged','2020-11-16 11:43:39.470128','2','2020-11-15 00:00:00.000000','3',29,'seeding1'),(40,50,'damaged','2020-11-16 11:43:44.362038','2','2020-11-15 00:00:00.000000','3',29,'seeding2'),(41,50,'ready','2020-11-17 12:50:39.754123','2','2020-11-17 12:50:39.754123','2',29,'seeding2'),(42,50,'ready','2020-11-17 15:10:15.018799','2','2020-11-17 15:10:15.018799','2',29,'seeding2');

/*!40101 SET SQL_MODE=@OLD_SQL_MODE */;
/*!40014 SET FOREIGN_KEY_CHECKS=@OLD_FOREIGN_KEY_CHECKS */;
/*!40014 SET UNIQUE_CHECKS=@OLD_UNIQUE_CHECKS */;
/*!40111 SET SQL_NOTES=@OLD_SQL_NOTES */;
